x,y,T,M,F,Y_LT15,Y_1564,Y_GE65,EMP,NAT,EU_OTH,OTH,SAME,CHG_IN,CHG_OUT,CONFIDENTIALSTATUS
155,138,19,11,8,0,8,9,7,17,0,1,16,0,0,0
156,138,35,14,19,0,19,18,12,31,0,2,35,0,0,0
155,139,42,24,17,3,26,10,18,36,0,5,44,2,0,0
156,139,12,8,5,0,10,2,10,9,0,0,11,0,0,0
150,140,84,44,41,16,53,15,36,74,3,6,82,1,0,0
151,140,131,67,65,10,72,48,45,126,0,3,131,0,0,0
154,140,23,11,13,6,13,3,9,18,0,2,21,0,0,0
155,140,8,4,6,0,5,1,5,8,0,1,8,0,0,0
150,141,10,7,5,0,8,3,8,7,0,3,9,0,0,0
151,141,9,8,2,3,3,3,3,9,0,0,9,0,0,0
153,141,3,1,5,0,0,3,0,3,0,0,3,0,0,0
154,141,14,8,4,3,12,3,9,13,0,0,14,0,0,0
151,142,32,17,17,0,13,14,12,31,0,3,32,1,0,0
152,142,13,11,7,2,11,1,9,11,0,1,14,0,0,0
153,142,13,9,3,5,5,5,5,15,0,0,15,0,0,0
149,143,66,36,32,8,39,19,29,59,1,5,66,0,0,0
146,144,25,6,18,6,16,5,10,22,0,2,27,0,0,0
147,144,15,9,7,4,8,1,8,13,0,0,12,0,0,0
149,144,68,28,37,9,38,17,25,60,0,10,68,0,0,0
146,145,15,5,8,2,10,3,11,11,0,2,15,0,0,0
150,145,22,10,12,3,12,4,8,21,0,1,24,0,0,0
140,146,14,6,9,1,7,6,5,13,0,0,13,0,0,0
141,146,10,6,7,0,6,2,9,11,0,0,6,1,0,0
142,146,16,6,8,4,11,6,6,16,0,0,16,0,0,0
143,146,143,67,76,10,102,29,75,134,0,10,135,2,5,0
144,146,58,30,29,14,34,13,25,51,0,8,55,0,0,0
145,146,49,27,23,8,28,12,20,39,1,8,43,6,0,0
146,146,148,72,74,43,77,28,55,142,4,1,142,5,0,0
147,146,13,9,4,3,9,4,4,12,0,1,16,0,0,0
148,146,29,14,14,7,19,4,15,26,0,2,27,0,0,0
150,146,55,28,28,13,33,9,20,51,0,5,54,0,0,0
140,147,35,15,22,2,23,10,16,33,2,3,35,0,0,0
141,147,98,62,35,16,68,15,47,90,0,7,97,0,0,0
142,147,50,23,26,8,31,12,25,45,3,3,46,2,0,0
144,147,71,30,41,10,46,13,42,66,0,5,68,0,0,0
145,147,402,198,203,62,263,78,194,357,3,40,391,7,0,0
146,147,158,62,97,15,57,89,37,134,1,27,157,2,0,0
147,147,10,5,4,1,4,6,4,11,0,0,11,0,0,0
148,147,76,38,35,18,51,9,35,74,0,3,70,2,0,0
149,147,71,35,35,16,42,15,27,66,0,3,70,0,0,0
138,148,5,2,4,1,2,1,2,5,0,1,3,0,0,0
139,148,70,34,40,17,33,17,30,65,6,5,64,2,0,0
140,148,106,50,57,9,79,22,61,100,2,3,105,0,0,0
141,148,18,6,15,1,8,5,8,15,0,1,19,0,0,0
142,148,38,15,21,8,26,3,19,26,0,15,38,0,0,0
145,148,18,7,9,2,14,1,11,18,0,0,18,0,0,0
146,148,15,6,11,3,9,3,8,15,0,0,15,0,0,0
147,148,54,28,29,0,40,9,20,52,0,0,55,0,0,0
148,148,55,27,25,9,35,10,25,49,0,8,55,0,0,0
149,148,84,38,45,9,53,22,41,83,0,1,81,0,0,0
136,149,3,1,1,0,5,0,5,5,0,0,5,0,0,0
137,149,169,76,92,27,108,35,79,141,2,27,166,1,4,0
138,149,251,129,122,45,158,46,136,233,0,19,247,3,0,0
139,149,112,59,53,16,70,24,57,102,3,5,103,5,0,0
140,149,1,0,1,0,0,1,0,1,0,0,1,0,0,0
143,149,49,28,19,2,39,8,27,46,0,1,47,0,0,0
144,149,92,48,44,15,59,18,40,89,0,2,88,0,0,0
145,149,130,63,66,23,74,33,58,122,2,8,125,4,0,0
146,149,25,13,12,0,13,10,11,23,0,2,22,0,0,0
147,149,21,10,11,4,10,5,9,20,0,1,20,0,0,0
148,149,133,70,61,21,86,22,63,130,0,5,133,0,0,0
149,149,132,68,62,29,82,22,63,118,0,12,131,0,0,0
150,149,28,13,17,7,17,6,15,21,0,6,28,0,0,0
134,150,59,24,32,15,38,10,28,44,0,13,57,0,0,0
135,150,188,88,98,31,119,37,88,177,0,12,183,4,0,0
136,150,248,122,126,46,146,59,120,210,0,36,239,5,0,0
137,150,130,69,59,20,83,27,70,108,0,22,131,1,0,0
138,150,122,58,65,24,80,18,68,105,3,17,114,4,0,0
140,150,2,5,1,0,1,5,0,3,0,0,3,0,0,0
141,150,13,5,9,0,6,8,6,12,0,1,12,0,0,0
142,150,31,16,14,6,16,10,12,32,0,1,32,0,0,0
143,150,151,76,74,33,93,21,80,141,0,9,147,0,2,0
144,150,56,30,28,8,41,10,25,54,0,3,56,0,0,0
147,150,45,26,21,6,33,10,24,45,1,0,45,0,0,0
148,150,40,17,19,9,15,15,12,35,0,6,39,0,0,0
133,151,55,29,27,16,32,10,29,36,0,17,55,0,0,0
134,151,104,54,50,15,72,16,52,91,3,12,103,0,0,0
135,151,54,27,27,8,38,8,27,50,0,5,53,3,0,0
139,151,1,0,1,0,1,0,1,1,0,0,1,0,0,0
140,151,15,10,8,2,7,0,8,12,0,2,16,0,0,0
141,151,37,19,20,8,24,5,10,33,0,3,37,0,0,0
142,151,27,9,15,0,19,5,10,29,0,1,27,0,0,0
143,151,21,13,10,0,17,5,12,18,0,1,21,0,0,0
144,151,13,9,2,0,9,2,7,13,0,0,9,1,0,0
132,152,1039,509,532,169,617,253,472,849,15,175,989,28,7,0
133,152,443,198,247,108,292,43,216,339,15,93,430,5,0,0
134,152,596,289,304,141,356,100,272,489,13,95,552,29,2,0
135,152,12,6,7,2,7,2,7,11,0,2,12,0,0,0
136,152,49,27,22,9,29,12,24,47,2,1,48,0,0,0
137,152,71,39,32,12,46,15,32,65,0,5,71,0,0,0
138,152,124,68,57,21,81,20,53,102,0,23,124,0,0,0
139,152,18,9,8,1,10,8,10,14,1,2,17,0,0,0
140,152,19,10,11,0,12,3,9,21,0,1,19,0,0,0
141,152,6,4,2,0,5,2,4,5,0,0,5,0,0,0
142,152,27,16,11,9,10,7,7,26,0,1,24,0,0,0
131,153,23,14,14,3,14,8,10,17,0,5,24,0,0,0
132,153,299,133,164,43,175,81,124,233,9,57,291,5,5,0
133,153,457,231,230,105,283,67,212,380,6,72,436,6,3,0
134,153,20,10,10,3,13,5,11,18,5,1,22,0,0,0
135,153,42,19,24,10,27,3,22,38,0,5,40,4,0,0
139,153,3,4,2,0,4,2,0,4,0,0,4,0,0,0
140,153,9,3,5,0,5,1,4,8,0,4,9,4,0,0
134,154,4,2,1,4,3,0,3,5,0,0,3,0,0,0
136,154,7,1,2,0,4,2,4,6,0,0,7,0,0,0
138,154,16,11,5,3,10,4,7,19,0,0,19,0,0,0
132,155,126,60,65,22,74,28,61,108,1,15,124,1,0,0
133,155,88,40,45,16,47,25,33,68,4,16,88,0,0,0
134,155,6,6,4,1,4,2,2,7,0,0,7,0,0,0
138,155,9,4,7,2,5,2,5,9,0,0,9,0,0,0
139,155,37,17,21,9,23,4,17,36,0,0,35,0,0,0
140,155,8,6,1,0,2,5,0,9,0,0,9,0,0,0
123,156,2,1,0,0,0,2,0,0,0,2,2,0,0,0
131,156,167,89,77,22,106,36,85,133,3,26,167,3,0,0
132,156,267,122,145,41,175,48,128,217,1,47,257,1,3,0
133,156,4,3,1,1,4,0,4,0,0,0,3,0,0,0
137,156,7,4,4,3,3,4,3,6,0,0,6,0,0,0
138,156,2,0,0,0,2,0,2,0,0,0,0,0,0,0
141,156,11,4,6,1,7,5,5,12,0,0,10,0,0,0
142,156,57,25,31,10,35,13,26,54,0,3,56,0,0,0
124,157,25,11,13,6,18,2,12,21,0,4,23,0,0,0
126,157,47,20,26,3,36,5,22,41,0,5,46,5,0,0
127,157,833,412,422,165,535,133,408,547,15,272,802,10,9,0
128,157,1243,635,609,234,830,178,626,882,6,358,1189,37,2,0
129,157,1938,947,991,385,1255,301,931,1451,25,465,1834,68,9,0
130,157,1065,512,554,191,683,190,529,810,28,226,1030,17,9,0
131,157,240,115,126,58,144,38,117,203,1,35,229,8,2,0
21,158,25,14,11,5,20,3,12,28,0,0,24,0,0,0
22,158,10,5,6,2,5,2,4,8,0,2,8,0,0,0
119,158,4,1,3,0,3,1,2,2,0,0,2,0,0,0
120,158,720,341,380,119,450,151,314,612,7,100,708,4,0,0
121,158,671,313,359,65,411,198,296,563,8,103,657,5,4,0
122,158,3666,1631,2037,450,2071,1146,1481,3091,56,518,3587,26,28,0
123,158,1033,495,539,136,588,308,432,880,15,136,1020,4,1,0
124,158,502,234,268,66,257,178,174,427,12,62,493,3,8,0
125,158,3,3,1,0,5,2,5,1,0,3,3,0,0,0
126,158,111,47,63,18,69,24,52,96,0,14,105,5,0,0
127,158,199,93,107,50,128,20,95,143,5,50,190,3,2,0
128,158,784,392,394,145,546,94,389,572,8,204,742,28,1,0
129,158,843,401,439,198,502,143,399,623,9,206,815,14,1,0
130,158,7,3,3,5,2,1,2,7,0,0,8,0,0,0
16,159,129,67,63,15,91,26,62,108,4,22,123,2,0,0
17,159,63,36,24,8,50,2,35,51,1,11,59,0,0,0
21,159,5,2,5,0,5,0,2,4,0,3,5,0,0,0
118,159,30,21,8,0,24,6,14,21,0,9,29,0,1,0
119,159,2971,1341,1630,446,1835,688,1329,2474,44,454,2916,14,14,0
120,159,5910,2754,3157,780,3601,1527,2615,4953,61,901,5783,52,28,0
121,159,5093,2396,2693,746,3196,1150,2278,4252,33,807,5003,45,7,0
122,159,529,244,284,82,333,115,242,428,5,96,522,0,1,0
123,159,22,8,15,7,12,1,13,20,0,0,20,0,0,0
124,159,69,31,37,19,42,9,26,62,1,4,65,0,0,0
125,159,153,68,86,25,105,21,74,137,0,17,151,0,0,0
126,159,74,39,34,12,47,16,39,66,0,7,68,2,4,0
127,159,120,68,52,13,76,29,57,112,0,9,122,0,0,0
128,159,18,11,7,0,14,3,14,17,0,5,14,0,7,0
129,159,197,96,100,45,124,30,91,183,0,16,194,0,0,0
16,160,14,5,10,0,10,4,4,10,0,1,13,0,0,0
91,160,9,7,1,0,6,0,7,4,0,3,9,0,0,0
114,160,54,27,26,6,31,19,18,44,0,9,51,0,0,0
115,160,3,1,3,0,0,4,0,1,0,3,2,0,0,0
119,160,1718,824,895,263,1181,274,818,1429,36,257,1681,12,9,0
120,160,3122,1461,1660,464,1986,670,1417,2457,32,629,3040,22,17,0
121,160,986,453,537,156,637,200,454,805,6,172,966,8,7,0
124,160,57,27,29,5,41,8,31,46,0,10,55,0,0,0
125,160,106,58,48,11,73,20,52,82,1,22,101,5,0,0
128,160,246,121,124,50,149,48,110,233,1,12,238,3,1,0
129,160,85,53,32,14,60,14,43,82,0,3,88,0,0,0
15,161,4,2,2,0,0,5,0,4,0,0,2,0,0,0
16,161,44,22,23,5,24,14,12,39,0,6,42,1,0,0
91,161,44,28,14,7,28,9,17,39,0,2,44,0,0,0
107,161,7,6,3,0,5,0,4,7,0,0,7,0,0,0
108,161,84,38,44,14,52,18,36,72,3,9,82,0,0,0
109,161,5,1,3,0,2,3,2,3,0,1,6,0,0,0
113,161,107,52,57,19,55,32,37,87,3,16,95,7,0,0
114,161,67,34,34,11,44,14,35,52,6,8,65,2,0,0
118,161,58,32,26,10,37,13,21,53,0,4,55,1,0,0
119,161,97,46,53,12,67,17,41,69,0,23,94,2,0,0
120,161,319,149,170,51,180,85,129,249,4,67,299,11,3,0
121,161,346,169,178,68,217,65,162,258,0,86,337,5,2,0
122,161,9,3,4,2,4,2,4,9,0,1,8,0,0,0
123,161,48,26,22,10,30,10,19,39,4,7,46,2,0,0
124,161,391,193,200,80,249,58,190,328,3,60,375,10,0,0
125,161,24,13,9,8,14,3,13,23,0,5,22,0,0,0
16,162,34,17,19,0,24,10,18,28,0,7,34,0,0,0
17,162,6,2,4,0,5,0,4,7,0,0,6,0,0,0
20,162,76,37,38,19,45,14,32,72,0,3,68,3,0,0
21,162,17,14,2,0,17,0,11,13,0,4,19,0,0,0
22,162,292,150,144,34,157,101,113,271,0,21,282,7,0,0
85,162,26,11,19,1,9,14,8,20,0,4,27,0,0,0
86,162,3,1,2,0,2,0,1,2,0,0,2,0,0,0
88,162,12,4,7,0,8,3,5,9,0,2,13,0,0,0
89,162,40,24,14,2,28,10,12,36,0,3,35,3,0,0
91,162,16,6,9,3,11,5,7,15,0,0,14,0,0,0
92,162,14,6,9,3,11,0,10,9,0,4,15,0,0,0
108,162,182,88,98,26,98,60,63,148,7,28,174,7,0,0
116,162,5,1,5,1,2,0,3,1,0,2,3,0,0,0
117,162,116,54,61,18,77,21,57,91,1,20,106,4,0,0
118,162,4,0,4,2,2,2,2,2,0,0,4,0,0,0
119,162,133,65,68,26,89,14,61,114,0,20,127,0,0,0
120,162,649,304,343,137,414,101,314,490,10,148,629,12,0,0
121,162,2221,1081,1143,420,1485,317,1064,1641,17,564,2151,37,9,0
122,162,5218,2491,2727,836,3301,1080,2482,4211,37,966,5086,71,10,0
123,162,481,238,244,83,321,76,227,410,6,65,469,4,1,0
124,162,340,164,176,68,218,56,163,256,4,81,339,0,0,0
20,163,28,12,16,6,16,4,15,26,0,0,29,0,0,0
72,163,1,0,4,0,0,4,0,4,0,0,4,0,0,0
76,163,55,33,26,2,30,21,23,49,0,5,57,2,0,0
77,163,17,7,9,4,12,3,7,15,0,1,19,0,0,0
85,163,7,2,4,1,4,2,3,8,0,0,8,0,0,0
104,163,3,2,0,0,0,4,0,4,0,0,4,0,0,0
113,163,35,20,15,11,20,3,15,26,1,4,32,0,0,0
114,163,131,56,73,21,85,26,60,109,2,20,125,0,1,0
115,163,132,70,64,24,83,25,57,80,2,50,126,0,0,0
116,163,263,128,130,28,158,75,111,207,3,52,257,2,5,0
117,163,70,37,30,7,44,18,35,57,2,13,67,2,0,0
74,164,23,12,10,0,13,6,6,18,1,0,24,0,0,0
75,164,127,66,62,13,75,38,46,116,0,11,127,0,2,0
76,164,39,22,19,4,28,7,23,37,0,1,39,0,0,0
79,164,77,37,38,8,47,22,39,64,1,12,75,0,0,0
80,164,10,6,4,0,5,5,6,10,0,0,11,0,0,0
83,164,30,13,15,0,13,19,6,28,0,0,28,0,0,0
84,164,44,23,20,1,23,17,19,42,3,0,45,0,0,0
85,164,27,14,12,0,14,15,6,24,0,3,29,0,0,0
86,164,4,2,0,0,3,1,2,3,0,0,3,0,0,0
103,164,5,3,4,0,4,0,4,5,0,0,5,0,0,0
104,164,31,16,16,1,15,14,6,25,0,6,28,0,1,0
105,164,166,87,75,20,104,45,71,133,3,29,155,9,0,0
106,164,10,5,6,0,7,4,4,11,0,0,9,0,0,0
113,164,305,157,147,66,183,57,141,275,7,27,303,0,3,0
114,164,204,98,103,45,129,33,92,157,3,42,188,14,1,0
116,164,489,220,269,95,312,84,233,429,7,50,463,11,2,0
117,164,16,6,12,2,8,5,9,12,0,3,16,0,0,0
68,165,22,11,12,3,16,2,13,18,0,1,20,0,0,0
69,165,1,0,4,0,4,0,0,4,0,0,4,0,0,0
79,165,41,23,19,10,22,12,13,39,0,3,41,0,0,0
80,165,1,0,0,0,0,0,0,0,0,0,0,0,0,0
101,165,177,81,96,29,91,55,58,151,5,24,169,8,0,0
102,165,13,7,7,0,8,6,5,11,0,3,10,0,0,0
103,165,3,2,1,0,1,2,0,1,0,0,2,0,0,0
104,165,5,2,5,0,3,2,3,4,0,0,4,0,0,0
110,165,57,22,34,14,39,4,29,54,1,0,56,3,0,0
111,165,158,71,87,23,101,37,70,134,3,18,153,3,0,0
118,165,183,94,89,50,113,22,91,163,3,18,173,5,0,0
119,165,35,15,22,10,21,6,19,35,0,0,33,1,0,0
60,166,3,3,0,0,2,1,2,2,0,0,2,0,0,0
61,166,28,13,11,5,14,8,7,22,5,2,27,0,0,0
70,166,31,16,16,3,18,9,10,21,3,8,31,0,0,0
100,166,8,3,5,0,6,1,4,2,1,2,10,0,0,0
101,166,55,30,25,6,32,15,21,51,3,0,54,0,0,0
109,166,65,32,30,11,37,17,26,58,0,8,64,0,0,0
112,166,14,7,7,0,11,9,2,10,0,3,17,0,0,0
113,166,51,32,20,5,35,11,27,41,2,7,46,3,0,0
114,166,39,22,19,12,22,9,15,37,0,4,39,0,0,0
115,166,34,19,17,3,19,9,14,30,0,6,32,0,0,0
118,166,117,58,59,28,66,21,48,113,0,4,113,0,0,0
58,167,3,1,1,0,0,5,0,2,0,1,5,0,0,0
59,167,3,3,0,0,3,0,0,5,0,0,5,0,0,0
60,167,104,48,57,21,54,27,34,92,3,8,103,0,0,0
68,167,30,18,12,2,20,7,12,26,0,4,32,0,0,0
109,167,19,10,8,5,9,6,8,16,0,2,20,0,0,0
112,167,30,17,13,10,15,4,14,29,0,1,28,0,0,0
113,167,63,29,32,10,31,20,21,61,0,5,59,0,0,0
114,167,43,26,20,11,26,7,12,41,0,0,44,0,0,0
58,168,59,27,29,11,36,11,22,57,3,1,60,0,0,0
61,168,106,53,56,13,67,27,38,96,0,7,104,0,1,0
63,168,5,3,2,0,2,0,3,3,0,0,3,0,0,0
103,168,2,5,1,0,3,0,1,3,0,0,3,0,0,0
104,168,3,3,3,0,5,2,0,3,0,0,3,0,0,0
107,168,32,20,16,2,23,8,10,32,0,0,31,0,0,0
108,168,1,2,0,0,2,0,0,2,0,0,0,2,0,0
111,168,76,41,36,12,47,16,39,73,0,4,74,0,0,0
104,169,15,6,8,3,10,2,7,16,0,0,16,0,0,0
106,169,10,0,7,0,8,4,6,10,0,0,10,0,0,0
109,169,53,27,26,6,33,12,28,52,0,1,50,0,0,0
104,170,21,11,8,0,15,4,12,20,1,0,20,1,0,0
105,170,8,3,3,0,6,1,6,8,0,0,8,1,0,0
106,170,12,5,5,0,10,5,8,7,0,2,12,0,0,0
107,170,8,6,3,0,4,5,3,7,0,0,7,0,0,0
108,170,6,3,2,1,4,1,3,6,0,0,6,0,0,0
100,171,3,2,0,0,0,3,0,0,0,3,5,0,0,0
102,171,32,19,14,3,19,9,9,24,0,5,31,0,0,0
103,171,23,14,11,0,14,10,8,16,0,9,20,1,0,0
104,171,2,0,1,0,3,0,0,3,0,0,3,0,0,0
105,171,49,23,29,1,36,13,21,45,0,3,49,4,0,0
100,172,53,25,28,3,38,10,24,40,0,12,51,0,2,0
101,172,20,9,7,0,14,6,11,9,0,11,18,0,0,0
102,172,222,95,126,43,120,59,90,168,13,41,216,1,5,0
103,172,243,126,118,47,150,45,106,200,5,42,234,8,0,0
88,173,3,4,0,0,3,0,1,1,0,2,2,0,0,0
90,173,5,0,3,1,3,0,1,2,0,1,6,0,0,0
91,173,8,5,6,2,6,0,3,5,1,3,7,0,0,0
97,173,5,2,4,0,4,1,4,4,0,2,4,0,0,0
99,173,8,7,3,0,3,5,2,4,0,1,7,0,0,0
100,173,114,56,58,16,66,35,47,99,0,15,112,0,0,0
102,173,7,6,0,0,0,7,0,6,0,0,9,0,0,0
85,174,13,9,6,2,7,3,7,10,0,1,11,0,0,0
88,174,52,20,31,8,29,18,13,47,1,7,50,5,0,0
91,174,16,8,6,7,7,3,6,13,0,0,16,0,0,0
93,174,1,0,0,0,0,0,0,0,0,0,0,0,0,0
94,174,69,32,39,3,44,22,27,65,1,2,69,0,0,0
95,174,7,5,3,1,4,0,2,7,0,0,7,0,0,0
97,174,2,0,5,0,0,1,0,0,0,5,1,0,0,0
99,174,3,1,1,1,0,0,0,4,0,0,1,1,0,0
100,174,1,3,0,0,3,0,3,3,0,0,3,0,0,0
101,174,9,2,4,1,2,4,4,7,0,2,8,0,0,0
82,175,1,0,0,0,0,0,0,0,0,0,0,0,0,0
85,175,10,4,6,0,7,4,8,9,0,1,9,0,0,0
86,175,5,1,4,4,2,0,2,2,0,3,2,0,3,0
87,175,24,15,10,2,15,7,10,24,0,0,24,0,0,0
88,175,26,15,11,0,15,11,13,17,3,8,22,4,0,0
93,175,48,26,24,0,22,26,14,46,0,4,47,0,0,0
94,175,23,13,14,1,11,12,9,19,0,3,24,0,0,0
100,175,44,24,22,2,24,17,15,43,0,4,42,2,0,0
4,176,2,0,0,0,0,0,0,1,0,0,1,0,0,0
9,176,1,0,0,0,0,0,0,0,0,0,0,0,0,0
10,176,1,0,1,0,0,1,0,1,0,0,1,0,0,0
11,176,31,16,14,0,14,15,9,28,2,2,32,0,0,0
12,176,18,6,9,0,13,6,8,18,0,3,17,0,0,0
13,176,4,0,1,0,0,0,0,3,0,0,3,0,0,0
14,176,1,1,0,0,0,1,0,0,0,1,1,0,0,0
16,176,1,0,3,0,3,0,3,3,0,0,3,0,0,0
17,176,16,12,5,5,9,5,6,13,0,4,10,0,1,0
18,176,9,4,4,4,3,4,4,10,0,0,10,0,0,0
81,176,117,67,54,21,74,27,40,103,0,16,113,0,0,0
85,176,9,3,9,0,7,4,4,7,0,3,8,0,0,0
86,176,297,134,163,33,188,78,139,257,1,37,288,1,0,0
87,176,140,67,72,23,96,21,65,117,1,20,138,2,0,0
89,176,54,30,23,5,31,20,24,49,0,5,56,0,0,0
91,176,52,32,22,13,34,5,19,47,1,3,51,0,0,0
92,176,4,3,1,0,1,3,0,6,0,0,6,0,0,0
95,176,1,0,0,0,0,0,0,0,0,0,0,0,0,0
99,176,2,2,0,0,0,0,0,0,0,0,0,0,0,0
6,177,3,0,5,0,0,1,0,2,1,0,1,0,0,0
7,177,43,21,20,5,22,16,15,39,0,6,42,0,4,0
8,177,2,0,0,0,2,0,2,0,0,0,2,0,0,0
9,177,1,0,1,0,0,1,0,1,0,0,1,0,0,0
10,177,2,1,0,0,3,0,1,3,0,0,0,1,0,0
11,177,31,13,17,4,17,10,12,27,0,0,32,0,0,0
12,177,56,26,32,4,27,25,17,49,1,6,54,0,1,0
13,177,50,25,28,5,18,26,13,43,0,9,50,1,0,0
14,177,31,19,13,8,20,6,10,29,0,2,29,0,0,0
16,177,12,2,7,1,6,3,4,11,0,3,12,0,0,0
17,177,302,165,140,47,180,75,125,279,5,22,298,0,1,0
18,177,117,58,58,22,65,31,41,98,7,14,110,0,2,0
72,177,8,7,4,5,5,4,5,9,0,0,9,0,0,0
78,177,4,3,0,0,5,0,4,5,0,0,5,0,0,0
79,177,62,29,32,14,32,14,22,56,0,9,59,1,0,0
80,177,117,66,54,14,74,26,47,105,0,11,111,1,1,0
81,177,24,15,10,0,14,5,11,20,0,5,22,4,0,0
84,177,37,14,24,5,21,9,19,34,0,4,35,0,0,0
85,177,4,4,2,0,4,0,0,4,0,0,4,0,0,0
87,177,125,59,69,9,83,34,63,112,1,14,120,4,0,0
97,177,10,7,0,0,5,7,2,10,0,2,10,0,0,0
99,177,8,6,0,0,5,5,5,7,0,4,8,0,0,0
2,178,30,12,18,5,12,15,5,27,1,0,32,0,0,0
3,178,33,16,18,0,13,18,4,25,7,1,29,4,0,0
4,178,3,1,1,0,5,3,0,3,0,5,4,0,0,0
6,178,9,3,5,1,3,5,3,10,0,0,6,2,0,0
8,178,3,3,0,0,0,3,0,6,0,0,6,0,0,0
15,178,1,0,0,0,0,0,0,0,0,0,0,0,0,0
16,178,4,3,0,0,5,0,1,5,0,0,5,0,0,0
23,178,58,29,26,7,34,16,19,47,0,10,56,0,2,0
24,178,232,123,109,34,147,52,72,207,2,24,233,0,0,0
70,178,2,1,1,0,5,0,1,5,0,0,5,0,0,0
71,178,24,14,11,0,10,15,3,23,0,1,22,0,0,0
72,178,41,22,20,9,22,9,15,39,0,3,39,0,0,0
73,178,16,7,9,6,6,2,3,18,0,0,18,0,0,0
74,178,15,7,8,0,9,8,5,12,4,0,16,0,0,0
77,178,18,10,9,3,11,4,12,17,0,1,18,0,0,0
78,178,20,11,9,3,14,6,5,14,0,6,19,0,0,0
85,178,26,16,13,2,17,4,12,20,0,5,25,0,0,0
86,178,136,71,68,23,72,38,49,123,2,12,135,1,0,0
96,178,22,12,7,2,15,8,7,18,0,1,21,0,0,0
98,178,6,2,2,0,2,2,2,6,0,2,6,0,0,0
1,179,3,1,1,0,4,0,2,4,0,0,4,0,0,0
3,179,5,4,3,0,0,5,0,3,1,0,5,2,0,0
4,179,6,3,4,0,1,6,0,4,0,1,4,0,0,0
19,179,34,17,20,3,18,14,11,32,0,2,35,0,0,0
20,179,32,17,16,5,15,12,9,27,1,3,33,0,0,0
23,179,5,1,2,0,3,0,4,6,0,1,5,0,0,0
24,179,50,21,27,14,33,3,20,48,0,0,50,0,0,0
67,179,10,4,8,0,6,3,4,7,1,5,10,0,0,0
72,179,106,82,23,3,94,7,59,41,37,29,102,0,2,0
73,179,13,5,10,3,7,2,6,10,0,5,12,0,0,0
75,179,11,6,7,4,5,2,5,11,0,3,11,0,0,0
76,179,20,13,7,4,9,8,8,17,0,1,19,1,0,0
84,179,14,8,6,0,11,4,9,12,0,2,13,0,0,0
85,179,135,79,57,21,88,25,54,113,0,19,122,5,7,0
93,179,21,12,10,5,12,6,10,17,0,5,21,0,1,0
94,179,73,43,30,9,45,21,28,60,3,8,71,0,0,0
97,179,13,9,3,0,8,8,4,12,0,0,14,0,0,0
98,179,20,9,12,4,12,7,10,17,0,0,17,0,0,0
1,180,4,5,1,0,1,4,1,2,0,0,2,0,0,0
2,180,1,2,0,0,0,2,0,2,0,0,2,0,0,0
3,180,5,3,3,0,4,0,5,4,0,0,4,0,0,0
6,180,1,2,0,0,2,0,0,2,0,0,2,0,0,0
11,180,1142,546,593,174,711,257,504,1060,2,80,1123,6,6,0
12,180,1494,691,801,234,846,413,622,1399,5,89,1456,18,7,0
13,180,8,4,3,4,6,0,1,4,0,2,8,0,0,0
20,180,336,163,173,49,194,96,138,312,3,23,330,2,3,0
27,180,5,3,1,0,5,0,4,6,0,0,6,0,0,0
36,180,5,4,3,0,3,0,5,2,0,2,5,0,0,0
39,180,2,1,4,0,2,0,1,1,0,4,2,0,0,0
40,180,1,0,1,0,1,0,1,0,0,1,1,0,0,0
66,180,253,138,113,36,164,57,110,191,6,52,223,0,27,0
67,180,12,4,5,0,7,5,1,8,0,2,10,0,0,0
69,180,43,26,19,10,28,4,20,39,0,5,43,0,0,0
70,180,18,8,9,1,10,4,13,15,0,2,18,0,0,0
71,180,21,10,13,4,14,3,8,19,0,0,22,1,0,0
81,180,13,5,8,0,5,8,5,5,1,8,15,0,0,0
82,180,51,38,12,6,44,2,36,20,0,33,51,0,0,0
91,180,14,8,5,0,4,7,2,10,0,4,17,0,0,0
92,180,9,6,0,0,5,5,2,8,0,1,8,0,0,0
93,180,23,13,12,2,14,11,5,19,0,2,23,0,0,0
96,180,1,1,0,0,1,0,1,1,0,0,1,0,0,0
97,180,1,0,1,0,0,1,0,1,0,0,1,0,0,0
3,181,4,4,1,3,4,1,3,4,0,1,3,0,0,0
4,181,2,0,1,0,1,0,0,3,0,0,3,0,0,0
5,181,79,40,42,15,48,20,24,77,0,0,79,0,0,0
6,181,20,11,8,1,12,7,8,18,0,0,19,0,0,0
10,181,2,1,4,0,0,2,0,2,0,0,2,0,0,0
12,181,22,12,10,5,17,1,12,25,0,0,23,0,0,0
13,181,3,1,0,0,0,1,0,0,1,0,3,0,0,0
18,181,3,0,0,0,1,0,1,1,0,0,1,0,0,0
23,181,228,118,111,37,118,73,85,216,3,8,221,4,0,0
24,181,15,9,8,5,11,3,6,15,0,3,15,0,0,0
42,181,223,104,117,40,136,46,103,200,5,17,221,1,0,0
43,181,472,247,225,70,277,123,199,425,10,39,462,4,4,0
44,181,89,45,41,14,53,21,39,85,0,0,89,0,0,0
91,181,7,3,3,0,5,4,5,7,0,0,7,0,0,0
92,181,4,2,2,0,0,3,0,3,0,0,5,0,0,0
95,181,10,7,6,0,6,3,5,11,0,0,11,0,0,0
96,181,5,1,1,0,2,5,0,5,0,0,5,0,0,0
4,182,28,16,12,8,17,7,8,26,0,3,26,0,4,0
5,182,1966,956,1009,250,1177,541,797,1826,18,122,1927,14,7,0
6,182,907,440,467,117,517,275,362,837,10,62,892,8,3,0
12,182,57,24,32,0,28,33,1,49,0,7,55,0,0,0
37,182,118,61,58,22,63,32,40,100,5,11,116,0,0,0
38,182,85,42,44,11,47,24,34,70,2,10,81,2,0,0
41,182,49,24,27,10,25,9,22,45,0,2,49,0,0,0
42,182,333,170,162,53,213,68,146,294,9,32,325,4,2,0
57,182,7,3,2,0,5,0,3,7,0,0,7,0,0,0
61,182,74,40,36,6,48,21,28,49,3,21,68,0,6,0
62,182,1,2,0,0,0,2,0,2,0,0,2,0,0,0
64,182,20,15,9,1,13,8,7,20,0,0,21,0,0,0
69,182,39,35,5,0,36,4,28,13,0,29,11,4,25,0
70,182,4,0,2,0,1,2,1,2,0,1,5,0,0,0
71,182,11,7,3,2,5,1,8,9,0,1,12,0,0,0
72,182,62,53,7,6,51,5,50,21,0,38,54,0,8,0
73,182,39,22,18,4,30,8,13,36,4,0,37,0,0,0
84,182,4,2,1,0,3,4,0,5,0,1,4,0,0,0
85,182,51,23,26,15,32,2,19,39,0,10,51,0,0,0
89,182,22,15,8,0,12,8,11,18,0,6,22,0,0,0
90,182,33,19,14,4,23,8,13,28,0,4,28,4,0,0
1,183,3,4,0,0,2,0,1,0,1,0,4,0,0,0
2,183,43,23,20,4,24,17,17,34,2,9,43,0,0,0
3,183,3,1,1,0,0,3,0,4,0,0,4,0,0,0
4,183,6,3,5,1,6,0,3,6,0,0,6,0,0,0
5,183,614,283,331,80,352,186,256,571,15,28,586,20,4,0
10,183,7,2,4,0,6,0,3,8,0,0,8,0,0,0
11,183,7,6,5,0,5,5,4,8,0,0,8,0,0,0
12,183,17,7,8,0,10,3,8,14,0,1,17,0,0,0
13,183,177,91,86,19,108,48,82,166,1,12,170,0,1,0
14,183,29,17,13,4,13,10,8,25,0,4,28,0,0,0
15,183,3,1,1,0,6,0,1,6,0,0,6,0,0,0
16,183,5,3,1,2,2,0,2,6,0,0,6,0,0,0
17,183,3,1,3,0,2,0,1,2,0,0,2,0,0,0
31,183,171,90,81,24,89,57,63,165,0,4,169,2,0,0
32,183,66,38,30,4,49,14,34,60,0,4,63,0,0,0
37,183,65,32,33,14,33,17,26,60,0,9,59,1,1,0
38,183,77,36,41,9,54,16,36,68,0,7,75,0,0,0
39,183,46,21,26,8,34,3,21,37,0,7,39,0,5,0
40,183,187,90,98,49,115,23,98,156,2,27,175,5,5,0
41,183,5,3,2,0,3,3,3,4,0,1,3,2,0,0
42,183,8,7,5,0,3,5,4,9,0,0,9,0,0,0
57,183,16,7,10,4,11,1,3,16,0,1,15,0,0,0
61,183,35,22,14,5,23,5,10,22,0,10,34,0,0,0
62,183,6,1,3,0,5,3,0,5,0,3,6,0,0,0
63,183,2,1,0,0,4,0,4,4,0,0,4,0,0,0
64,183,74,35,36,4,41,28,31,70,1,6,74,1,0,0
66,183,11,5,5,1,3,7,5,6,0,4,11,0,0,0
67,183,5,4,4,0,4,4,4,6,0,0,6,0,0,0
68,183,36,19,15,1,21,14,13,34,0,4,33,2,0,0
72,183,1,0,0,0,0,0,0,0,0,0,0,0,0,0
83,183,1,0,1,0,0,1,0,0,0,1,1,0,0,0
84,183,1,0,0,0,0,0,0,0,0,0,0,0,0,0
86,183,4,2,3,0,1,4,0,4,0,0,4,0,0,0
87,183,7,3,5,0,6,2,5,3,0,1,6,0,0,0
88,183,51,29,28,6,32,11,23,45,0,6,52,0,0,0
97,183,21,9,11,2,11,8,8,17,2,4,22,0,0,0
98,183,6,6,4,0,3,3,1,1,0,4,8,0,0,0
1,184,33,19,15,8,14,10,7,32,0,1,31,0,0,0
2,184,2,0,0,0,0,1,0,1,0,0,1,0,0,0
3,184,1,0,1,0,1,0,0,1,0,0,1,0,0,0
4,184,3,0,0,0,0,0,0,2,0,0,2,0,0,0
6,184,1,0,0,0,0,0,0,0,0,0,0,0,0,0
8,184,4,1,3,0,2,0,4,2,0,0,3,1,0,0
9,184,3,0,0,0,2,2,0,3,0,0,3,0,0,0
10,184,9,6,2,0,5,4,3,11,0,0,7,2,0,0
11,184,1,2,0,0,2,0,2,2,0,0,2,0,0,0
22,184,5,3,3,0,2,4,1,4,0,0,4,0,0,0
23,184,2,3,0,0,0,0,0,0,0,0,0,0,0,0
37,184,84,38,46,8,49,30,39,71,2,9,85,0,0,0
38,184,153,77,78,18,91,44,56,138,4,10,150,1,0,0
39,184,126,64,63,18,84,22,61,89,4,32,125,0,0,0
40,184,1212,589,622,176,741,295,562,1048,16,145,1182,16,4,0
41,184,79,39,40,13,43,21,27,54,1,21,77,1,5,0
54,184,2,1,1,0,1,1,1,1,0,0,1,0,0,0
56,184,44,24,22,10,24,11,23,42,3,0,42,0,0,0
57,184,6,3,5,0,6,1,0,4,0,0,6,0,0,0
58,184,1,0,1,0,1,0,0,0,0,1,1,0,0,0
59,184,3,0,1,0,2,3,2,3,0,0,3,0,0,0
63,184,11,9,4,0,5,5,5,8,0,5,9,5,0,0
64,184,97,46,53,8,60,28,36,66,0,29,92,6,0,0
65,184,80,36,42,13,37,30,24,53,0,24,67,7,1,0
66,184,22,11,12,1,8,13,7,14,0,10,19,0,4,0
72,184,64,60,0,0,63,0,55,0,0,5,9,0,41,0
84,184,7,6,1,0,3,0,0,8,0,0,5,0,0,0
85,184,37,23,17,6,18,13,12,30,0,9,35,0,3,0
86,184,67,34,35,16,31,21,18,57,1,8,67,0,0,0
87,184,14,4,10,1,8,5,6,13,0,0,15,0,0,0
1,185,3,3,1,0,0,1,0,1,0,0,1,0,0,0
2,185,4,4,0,0,0,1,0,0,0,2,1,0,0,0
3,185,6,2,1,0,3,4,1,7,0,0,5,0,0,0
4,185,1,0,0,0,0,0,0,0,0,0,0,0,0,0
5,185,1,0,0,0,0,0,0,0,0,0,0,0,0,0
30,185,6,3,3,0,5,1,3,4,0,0,4,0,0,0
33,185,15,10,5,3,8,5,6,14,0,1,13,0,0,0
34,185,10,6,3,0,8,3,5,11,0,0,11,0,0,0
35,185,2,5,5,0,0,4,0,4,0,0,5,5,0,0
36,185,53,26,25,8,35,11,23,47,3,3,50,1,2,0
37,185,156,79,77,26,92,36,59,138,1,14,153,0,1,0
38,185,284,139,147,56,158,70,103,238,7,34,266,1,5,0
39,185,1066,513,553,115,621,328,477,934,27,103,1035,14,15,0
40,185,289,146,138,40,175,76,122,256,6,29,280,5,1,0
52,185,29,16,10,6,15,7,7,28,1,3,28,2,0,0
56,185,131,68,63,16,79,32,53,116,0,16,131,0,0,0
57,185,3,3,0,0,1,1,0,4,0,0,4,0,0,0
58,185,61,28,32,5,35,21,19,44,0,16,58,0,0,0
59,185,29,16,15,8,15,6,10,21,0,10,27,0,0,0
64,185,12,5,9,0,6,8,0,5,0,9,12,0,0,0
65,185,6,4,1,0,2,3,0,2,0,4,8,0,0,0
85,185,1,0,0,0,0,0,0,0,0,0,0,0,0,0
29,186,39,22,15,1,22,16,14,35,0,0,37,0,0,0
30,186,262,131,131,36,159,67,92,243,0,17,259,2,0,0
31,186,10,8,3,0,5,5,4,9,0,0,9,0,0,0
32,186,103,52,51,20,61,21,40,93,0,10,101,1,0,0
33,186,73,38,35,15,49,7,31,67,0,5,69,0,0,0
49,186,6,3,1,0,7,0,4,0,0,7,7,0,0,0
50,186,2,0,0,0,0,1,0,0,0,0,0,0,0,0
54,186,5,2,0,0,3,0,5,5,0,0,5,0,0,0
55,186,28,16,14,7,16,4,14,27,0,2,27,0,0,0
57,186,8,4,3,0,8,3,2,9,0,0,9,0,0,0
61,186,1,0,0,0,0,0,0,0,0,0,0,0,0,0
64,186,46,21,23,3,15,28,8,13,4,30,45,1,1,0
65,186,68,36,31,0,30,36,16,40,1,28,65,0,1,0
72,186,188,157,31,8,170,8,159,35,0,153,81,3,106,0
73,186,181,178,3,0,178,2,178,0,0,183,108,0,73,0
74,186,34,18,15,2,17,12,12,19,6,10,27,6,1,0
75,186,14,4,8,0,10,3,5,10,0,6,13,0,0,0
34,187,9,6,3,4,6,1,6,6,3,0,11,0,0,0
35,187,45,19,24,11,25,9,17,35,1,4,45,0,0,0
36,187,58,31,29,5,33,20,29,52,0,8,57,0,0,0
37,187,117,58,58,20,68,34,36,97,4,15,115,1,1,0
38,187,55,24,30,2,34,15,23,42,0,10,56,0,0,0
39,187,26,12,17,1,15,8,11,20,0,7,26,0,0,0
40,187,101,54,48,20,61,20,34,71,0,29,101,0,2,0
41,187,23,16,10,4,12,8,12,21,0,5,24,0,0,0
42,187,360,172,187,58,196,107,138,300,11,51,340,7,5,0
43,187,1088,530,557,154,671,264,447,802,25,258,1069,11,5,0
44,187,83,39,42,9,40,33,25,69,0,10,83,1,0,0
47,187,4,2,1,0,5,0,2,2,0,1,5,0,0,0
48,187,52,30,23,10,28,14,18,45,0,6,50,0,0,0
52,187,18,6,12,4,13,2,9,14,0,4,21,0,0,0
53,187,21,14,10,4,13,5,10,19,1,1,18,3,0,0
56,187,18,10,8,4,13,3,11,12,0,6,16,0,0,0
57,187,65,36,28,13,39,13,24,54,0,13,63,1,0,0
61,187,32,24,9,2,16,17,10,23,0,9,31,0,0,0
64,187,4,0,4,0,2,0,0,0,2,2,3,0,0,0
65,187,2,1,1,0,0,0,0,0,0,0,0,0,0,0
72,187,224,172,51,6,183,32,149,58,1,165,222,0,1,0
73,187,88,40,46,11,34,41,18,27,4,53,88,0,1,0
74,187,74,45,26,9,46,23,26,51,0,19,68,5,1,0
75,187,52,29,25,4,28,20,17,35,0,15,51,1,1,0
35,188,6,5,1,1,4,0,2,5,1,0,5,0,1,0
36,188,39,22,17,1,22,13,14,29,6,6,38,1,0,0
37,188,7,4,4,0,2,2,5,1,0,6,6,0,2,0
41,188,17,9,8,2,12,4,8,12,0,4,19,0,0,0
42,188,41,19,20,7,23,12,19,21,1,18,41,0,0,0
43,188,172,79,93,23,111,41,67,98,6,69,174,0,0,0
44,188,275,139,135,41,170,66,126,185,7,80,272,1,4,0
45,188,12,8,5,2,7,0,8,11,2,0,4,5,0,0
46,188,15,9,8,1,11,3,8,13,0,5,15,0,0,0
47,188,61,33,27,13,32,16,24,51,0,12,58,5,0,0
52,188,4,1,3,0,0,4,0,1,0,3,6,0,0,0
53,188,7,4,6,0,1,5,1,6,0,0,8,0,0,0
56,188,114,50,63,9,70,37,51,88,4,24,113,0,0,0
59,188,2,0,1,0,0,1,0,1,0,0,1,0,0,0
60,188,12,3,6,0,5,8,2,6,0,7,11,0,0,0
61,188,16,13,1,0,13,1,13,2,0,15,12,0,5,0
73,188,1,5,0,0,0,5,0,5,0,0,5,0,0,0
78,188,2,0,2,0,0,4,0,4,0,0,4,0,0,0
79,188,2,0,0,0,1,0,0,0,0,0,0,0,0,0
35,189,1,0,0,0,0,0,0,0,0,0,0,0,0,0
44,189,28,18,10,5,18,3,10,18,0,10,26,0,1,0
45,189,4,0,2,0,4,3,4,5,0,0,5,0,0,0
52,189,1,1,0,0,1,0,1,1,0,0,1,0,0,0
53,189,49,23,26,8,26,18,19,42,0,8,47,1,1,0
54,189,11,7,5,0,5,6,3,10,0,1,9,0,0,0
59,189,4,2,4,0,1,2,3,2,0,0,2,0,0,0
69,189,28,19,12,0,10,19,5,13,0,17,27,2,0,0
70,189,8,7,2,1,8,0,2,6,0,3,7,0,0,0
78,189,45,23,19,4,35,6,17,44,0,1,44,0,0,0
50,190,37,16,21,1,19,15,19,37,0,0,40,2,0,0
55,190,9,8,1,0,7,2,5,7,0,0,7,0,0,0
68,190,4,3,3,0,3,3,2,4,0,1,4,0,0,0
71,190,58,26,32,13,44,4,25,50,1,8,57,1,1,0
78,190,7,5,4,0,1,4,2,7,0,0,7,0,0,0
30,191,116,56,59,17,70,31,40,108,1,8,113,0,0,0
31,191,22,10,10,4,14,5,10,19,0,1,22,0,0,0
46,191,16,13,5,1,8,7,7,10,0,0,16,0,0,0
49,191,6,2,3,0,3,6,0,6,0,0,6,0,0,0
50,191,314,165,148,30,176,105,116,213,5,98,304,3,5,0
51,191,138,69,70,15,81,40,43,92,7,41,135,2,2,0
68,191,52,26,24,5,34,13,17,47,0,4,49,0,3,0
69,191,56,31,26,4,38,13,21,52,0,5,54,4,0,0
70,191,47,25,20,3,30,15,7,47,0,5,47,0,0,0
72,191,1,1,0,0,1,0,1,1,0,0,1,0,0,0
78,191,25,14,12,0,19,7,7,21,0,1,25,0,0,0
30,192,44,20,25,6,26,11,15,29,4,10,43,0,0,0
31,192,5,2,1,0,5,0,5,3,0,0,5,0,0,0
41,192,5,1,5,0,0,4,0,5,0,0,4,0,0,0
42,192,24,15,10,0,11,14,6,16,0,5,25,0,1,0
48,192,7,6,0,0,4,2,1,1,0,5,8,0,0,0
49,192,11,4,6,0,6,4,1,8,0,1,11,0,0,0
50,192,125,57,69,12,75,42,52,112,2,9,126,0,0,0
67,192,153,72,82,8,101,42,59,122,3,27,151,2,0,0
68,192,145,63,79,14,86,41,40,131,0,14,141,0,3,0
69,192,37,17,19,3,27,8,16,33,0,3,37,0,0,0
78,192,138,75,63,13,94,33,41,127,0,11,135,0,2,0
81,192,2,1,0,0,0,0,0,1,0,0,1,0,0,0
85,192,5,3,0,0,3,1,0,6,0,0,6,0,0,0
66,193,4,5,0,0,2,1,0,4,0,4,5,0,0,0
67,193,127,57,68,13,74,35,42,105,3,20,128,0,0,0
68,193,33,15,16,4,21,8,11,27,0,4,33,0,0,0
70,193,13,4,8,1,8,5,7,10,0,3,15,0,0,0
71,193,220,111,108,32,140,48,61,200,5,17,217,2,1,0
72,193,187,96,89,25,112,50,53,173,2,12,185,0,3,0
78,193,86,44,42,15,53,16,29,78,0,8,83,0,0,0
79,193,30,14,14,4,17,9,8,31,0,1,30,0,0,0
66,194,2,3,0,0,0,1,0,0,0,1,3,0,0,0
71,194,50,21,29,7,26,19,14,38,0,12,50,0,1,0
72,194,166,83,82,33,103,32,61,155,0,10,160,5,2,0
73,194,459,215,247,55,281,124,139,404,7,50,441,9,7,0
74,194,455,223,234,58,248,148,131,415,3,35,452,1,1,0
80,194,13,6,5,0,13,2,6,13,0,0,13,0,0,0
81,194,13,9,4,3,7,5,6,12,0,0,12,0,0,0
82,194,5,3,3,1,4,0,3,4,0,0,4,0,0,0
65,195,4,2,0,0,0,3,1,3,0,0,3,0,0,0
69,195,1,1,0,0,1,0,0,1,0,0,1,0,0,0
72,195,13,6,9,1,6,5,3,9,0,5,13,0,0,0
73,195,1184,605,578,229,718,238,428,1045,12,128,1153,17,6,0
74,195,476,229,247,59,295,125,194,428,5,45,467,6,0,0
75,195,111,55,54,9,82,19,57,99,1,11,111,0,0,0
76,195,40,19,19,10,23,11,18,36,0,4,40,0,0,0
81,195,172,95,76,23,103,47,55,167,0,4,169,1,0,0
82,195,8,4,3,0,7,0,0,10,0,0,10,0,0,0
3,196,2,1,1,0,1,0,1,1,0,0,1,0,0,0
66,196,4,0,1,0,0,1,2,3,0,0,3,0,0,0
72,196,13,5,7,2,10,0,6,13,0,4,14,0,0,0
73,196,22,12,11,6,15,5,8,17,0,6,23,1,0,0
75,196,112,65,49,18,70,20,45,104,3,5,111,1,0,0
76,196,381,190,190,36,259,91,138,342,1,38,375,5,2,0
77,196,179,84,97,28,115,35,74,160,1,18,175,3,5,0
78,196,195,93,101,42,129,30,66,173,0,21,186,0,0,0
80,196,1,0,0,0,0,0,0,0,0,0,0,0,0,0
81,196,61,29,32,13,39,7,22,52,1,5,58,0,0,0
83,196,53,26,24,11,34,9,11,38,0,13,53,0,0,0
63,197,775,372,404,145,495,136,332,632,9,134,756,9,0,0
66,197,336,172,163,42,209,83,127,316,1,22,320,10,1,0
67,197,6,3,3,0,7,0,0,5,0,1,4,0,0,0
68,197,8,4,4,2,2,4,3,7,0,0,6,0,0,0
70,197,63,33,32,13,40,11,22,62,0,5,62,0,0,0
71,197,511,256,254,81,300,131,183,485,0,23,508,0,2,0
72,197,127,66,60,8,87,29,55,118,1,8,119,0,1,0
77,197,278,141,138,38,163,80,91,256,0,22,274,0,2,0
78,197,43,19,25,5,32,5,18,36,0,6,42,0,0,0
79,197,261,143,117,41,177,43,88,232,6,27,252,6,4,0
80,197,5,2,2,0,3,0,2,3,0,1,6,0,0,0
81,197,6,3,3,0,5,0,4,5,0,0,7,0,0,0
62,198,805,374,435,109,520,177,324,604,5,197,788,8,3,0
63,198,2361,1140,1222,271,1429,664,921,1804,27,529,2330,13,1,0
64,198,600,298,300,97,391,116,240,532,4,67,590,1,1,0
65,198,123,55,66,21,83,20,55,112,0,8,122,0,0,0
66,198,219,99,120,26,142,54,80,200,2,16,216,0,0,0
67,198,207,109,100,24,126,57,78,184,1,23,197,7,0,0
68,198,37,20,15,6,24,11,14,33,4,2,37,0,0,0
69,198,89,44,41,12,54,22,32,85,3,6,90,0,0,0
70,198,134,72,62,25,78,30,42,129,0,3,132,0,0,0
71,198,55,31,23,13,30,14,20,50,0,5,57,0,0,0
76,198,83,43,39,7,61,12,41,74,0,10,83,0,0,0
77,198,46,26,21,2,38,6,26,46,0,2,43,0,0,0
78,198,129,75,53,14,84,28,47,112,4,17,129,0,0,0
79,198,795,403,393,137,523,138,309,652,8,135,782,4,0,0
80,198,362,188,173,81,241,41,146,296,6,61,352,0,5,0
81,198,7,4,3,0,4,3,3,8,1,0,5,0,1,0
61,199,20,10,12,0,13,4,12,18,0,0,17,2,0,0
62,199,357,183,173,50,223,81,143,304,13,41,347,0,4,0
63,199,28,12,16,3,25,0,19,19,0,9,25,0,0,0
64,199,19,10,10,0,14,6,11,17,0,0,17,0,0,0
69,199,27,13,14,10,15,1,6,25,0,1,25,0,0,0
70,199,1,0,0,0,0,0,0,0,0,0,0,0,0,0
71,199,36,21,17,5,27,4,12,34,0,4,36,0,0,0
72,199,2,1,1,0,0,1,0,1,0,0,1,0,0,0
76,199,84,43,43,12,57,14,32,78,0,4,81,5,0,0
78,199,142,67,75,29,85,25,56,133,0,8,139,0,1,0
79,199,958,467,491,148,642,167,377,789,13,154,933,10,5,0
80,199,4018,1912,2106,674,2552,789,1496,3152,39,829,3911,33,24,0
81,199,766,376,389,99,513,154,267,593,12,162,743,7,12,0
1,200,37,21,15,2,18,18,12,31,4,4,39,0,0,0
2,200,128,60,67,11,82,36,61,113,9,7,124,1,0,0
3,200,3,3,5,0,3,0,2,0,0,1,0,2,0,0
57,200,5,4,4,0,6,0,3,6,0,0,6,0,0,0
58,200,1,0,0,0,0,0,0,0,0,0,0,0,0,0
59,200,4,4,1,0,0,4,0,3,0,0,3,0,0,0
61,200,29,12,15,4,17,5,9,29,0,0,29,0,0,0
62,200,110,51,59,5,77,31,46,96,1,15,109,1,0,0
63,200,138,68,70,28,86,26,51,115,0,21,128,2,5,0
69,200,49,28,21,12,31,8,16,38,4,5,51,0,0,0
70,200,23,13,9,0,12,8,4,18,1,5,23,0,0,0
76,200,42,23,20,9,21,10,15,42,0,2,36,2,0,0
79,200,1117,570,547,223,694,196,426,962,12,149,1091,7,3,0
80,200,2692,1295,1400,459,1720,514,938,2088,27,578,2637,13,17,0
81,200,1514,765,747,292,1000,222,522,1108,25,380,1482,13,7,0
5,201,6,3,4,0,5,1,0,4,0,0,4,0,0,0
19,201,1,0,0,0,0,0,0,0,0,0,0,0,0,0
20,201,1,0,0,0,0,0,0,0,0,0,0,0,0,0
21,201,2,0,0,0,0,0,1,0,0,0,0,0,0,0
22,201,4,1,3,0,3,2,0,3,0,0,3,0,0,0
23,201,17,14,2,0,11,5,8,15,0,1,18,0,0,0
24,201,2,0,2,0,0,0,0,0,0,0,0,0,0,0
25,201,5,3,2,0,1,4,1,3,0,0,3,0,0,0
26,201,5,2,4,1,4,0,0,6,0,0,4,0,0,0
27,201,3,2,1,0,0,0,0,0,0,0,0,0,0,0
29,201,3,3,0,0,1,0,1,3,0,0,3,0,0,0
58,201,8,1,8,2,2,3,0,7,0,0,7,0,0,0
59,201,5,4,2,0,2,0,4,1,4,0,4,0,0,0
62,201,35,18,18,6,18,14,7,32,0,3,34,0,0,0
63,201,73,36,38,9,37,31,20,60,5,8,72,0,0,0
64,201,4,3,2,0,1,0,0,1,0,0,3,0,0,0
74,201,7,4,5,0,1,4,1,7,0,0,7,0,0,0
75,201,21,13,8,4,10,5,5,13,0,3,19,0,0,0
79,201,4,4,0,1,2,0,0,3,0,0,6,0,0,0
80,201,780,382,397,136,500,144,283,662,7,111,764,6,2,0
81,201,43,22,25,5,35,4,18,36,0,5,41,0,2,0
0,202,52,26,24,5,24,23,13,39,7,7,52,0,0,0
21,202,29,15,13,5,12,13,7,26,5,0,22,5,0,0
24,202,2,0,1,0,0,4,0,4,0,0,4,0,0,0
30,202,2,5,1,0,2,0,2,2,0,0,2,0,0,0
31,202,5,2,0,0,1,4,1,4,0,0,1,4,0,0
55,202,76,35,42,7,46,23,30,55,3,17,76,0,0,0
56,202,6,4,0,0,1,3,0,3,0,2,6,0,0,0
63,202,4,0,4,0,0,6,0,4,0,0,6,0,0,0
65,202,3,0,0,0,0,3,0,2,0,0,2,0,0,0
67,202,3,0,5,0,2,0,5,0,0,0,0,0,0,0
77,202,40,24,16,7,26,5,18,33,0,7,39,1,0,0
78,202,491,260,231,76,343,70,178,450,2,37,479,2,4,0
79,202,34,18,17,4,26,3,13,32,0,2,32,0,0,0
80,202,20,6,12,5,14,1,9,20,0,0,20,0,0,0
0,203,36,15,21,7,19,12,11,28,4,2,33,0,0,0
1,203,2,0,0,0,0,0,0,2,0,0,2,0,0,0
5,203,1,0,0,0,0,0,0,0,0,0,0,0,0,0
8,203,1,0,0,0,0,0,0,0,0,0,0,0,0,0
9,203,1,0,0,0,0,0,0,0,0,0,0,0,0,0
10,203,49,24,25,4,21,23,7,36,0,7,50,0,1,0
13,203,46,26,21,7,21,17,10,44,0,1,45,0,0,0
14,203,30,15,16,1,16,15,4,30,0,0,28,0,0,0
15,203,23,10,12,2,11,12,9,22,0,3,24,0,0,0
18,203,3,4,0,0,0,0,0,2,0,0,0,0,0,0
21,203,2,0,1,0,0,1,0,3,0,0,3,0,0,0
22,203,27,13,13,0,9,15,13,25,0,3,26,0,0,0
23,203,2,0,0,0,0,1,0,1,0,0,1,0,0,0
25,203,26,13,15,4,11,11,8,21,0,4,23,1,0,0
26,203,10,6,6,0,1,10,0,10,0,0,10,0,0,0
27,203,43,13,27,5,16,20,7,38,0,3,41,1,0,0
32,203,5,2,4,0,3,0,3,1,2,0,5,0,0,0
33,203,2,0,5,0,0,0,0,0,0,0,0,0,0,0
41,203,9,9,2,0,3,6,0,5,0,4,8,0,0,0
55,203,840,398,441,89,497,251,280,606,28,211,817,2,8,0
56,203,59,28,29,3,40,15,24,46,4,12,57,0,0,0
65,203,5,3,2,0,3,6,3,4,0,0,6,0,0,0
66,203,15,8,7,4,10,3,6,14,0,0,12,0,0,0
71,203,11,6,5,0,7,5,2,12,0,0,12,0,0,0
72,203,3,2,3,2,3,0,1,4,0,0,4,0,0,0
73,203,7,4,3,0,6,1,0,6,0,1,9,0,0,0
78,203,159,86,76,33,105,24,65,151,1,8,154,4,0,0
1,204,797,399,398,129,448,222,329,724,14,57,769,15,4,0
2,204,872,443,429,138,510,222,386,757,31,85,851,11,0,0
3,204,6,3,2,0,4,5,4,6,0,2,6,0,0,0
6,204,10,7,5,0,3,6,2,3,0,5,11,0,0,0
8,204,1,1,0,0,0,1,0,1,0,0,1,0,0,0
10,204,3,0,4,0,1,1,0,4,0,0,4,0,0,0
11,204,17,11,6,2,8,4,3,13,0,5,15,0,0,0
17,204,5,6,1,0,4,2,1,4,0,0,4,1,0,0
18,204,19,10,9,0,6,13,5,13,0,5,20,0,0,0
26,204,2,3,0,0,4,2,4,3,0,0,3,0,0,0
27,204,6,5,1,0,3,0,4,5,0,0,5,0,0,0
28,204,7,8,0,0,4,4,2,5,0,0,7,0,0,0
29,204,4,3,1,0,3,1,3,5,0,0,3,0,0,0
30,204,1,0,3,0,3,0,0,3,0,0,3,0,0,0
41,204,7,1,1,0,1,6,1,7,0,0,5,0,0,0
42,204,277,138,137,23,140,114,95,244,3,33,273,1,0,0
51,204,85,39,46,11,32,40,11,28,0,57,81,0,1,0
52,204,134,65,70,22,75,40,33,70,7,60,132,1,0,0
53,204,314,153,162,35,176,106,84,218,9,86,308,2,0,0
54,204,17,7,10,0,11,6,5,13,0,5,15,0,0,0
55,204,8,3,4,1,3,4,1,8,0,0,8,0,0,0
63,204,2,0,0,0,0,0,0,2,0,0,2,0,0,0
64,204,2,1,0,0,0,1,0,3,0,0,3,0,0,0
69,204,1,1,0,0,1,0,1,1,0,0,1,0,0,0
70,204,15,7,9,0,16,1,2,14,0,3,8,6,0,0
72,204,3,0,1,0,3,2,0,2,0,0,2,0,0,0
77,204,244,128,116,32,179,35,99,185,0,59,243,0,1,0
78,204,178,91,87,29,115,36,56,149,2,25,174,0,0,0
79,204,26,18,9,0,17,0,10,21,0,5,24,0,0,0
0,205,6,3,2,0,4,4,1,3,1,0,6,0,0,0
1,205,59,34,25,4,28,25,16,42,1,14,58,0,0,0
2,205,6,1,5,1,1,2,1,1,5,1,4,0,0,0
12,205,2,1,1,0,1,1,0,1,0,1,2,0,0,0
18,205,9,7,3,2,4,1,3,7,0,3,8,0,0,0
20,205,2,0,4,0,0,0,0,0,0,0,0,0,0,0
23,205,1,0,0,0,0,0,0,0,0,0,0,0,0,0
26,205,6,6,1,0,4,4,1,5,0,0,6,0,0,0
50,205,47,24,21,3,28,13,16,33,1,13,46,0,0,0
51,205,140,64,75,15,84,43,47,52,6,83,133,1,6,0
52,205,25,14,12,0,16,10,10,4,3,18,25,0,1,0
62,205,1,0,0,0,0,0,0,0,0,0,0,0,0,0
63,205,12,7,2,0,7,6,1,11,0,0,11,0,0,0
66,205,2,3,0,0,0,3,0,3,0,0,3,0,0,0
0,206,346,188,161,31,189,122,121,281,9,57,337,6,1,0
49,206,161,80,83,7,92,63,53,96,1,63,159,0,0,0
50,206,36,19,18,1,22,12,9,19,0,19,34,4,0,0
62,206,167,87,78,24,116,30,55,157,4,7,165,1,0,0
63,206,147,70,78,35,83,29,41,140,0,7,145,0,0,0
66,206,12,6,3,0,5,8,7,12,0,0,12,0,0,0
71,206,4,0,4,4,2,0,1,4,1,1,4,0,0,0
72,206,15,7,10,1,12,5,3,15,0,0,15,0,0,0
46,207,26,11,12,1,19,4,14,24,0,3,25,0,1,0
47,207,41,14,24,4,26,10,14,36,0,6,40,0,2,0
48,207,98,44,51,13,52,32,33,84,1,15,97,0,0,0
49,207,2,0,1,0,1,0,0,0,1,1,1,0,0,0
50,207,30,15,16,6,22,5,10,13,0,12,25,0,0,0
61,207,411,212,199,59,275,80,168,383,4,26,406,4,0,0
62,207,78,44,38,22,48,8,29,70,1,7,74,0,0,0
65,207,26,13,13,6,15,4,9,19,0,6,25,0,0,0
66,207,166,84,85,29,102,36,63,153,0,13,164,4,0,0
68,207,20,11,10,2,15,3,5,15,0,4,16,1,0,0
69,207,26,16,12,0,23,5,12,22,2,1,26,0,1,0
46,208,126,70,56,17,67,43,48,99,3,26,121,0,4,0
47,208,129,60,71,18,78,32,46,106,3,19,124,1,2,0
50,208,1,0,1,0,1,0,0,1,0,0,1,0,0,0
60,208,1,1,0,0,1,0,0,1,0,0,1,0,0,0
61,208,5,1,2,3,0,0,0,5,0,0,5,0,0,0
64,208,20,9,11,4,16,1,12,21,0,0,21,0,0,0
65,208,14,7,6,0,13,5,1,12,1,5,14,0,0,0
66,208,10,4,6,0,6,4,3,9,1,0,12,0,0,0
40,209,75,39,37,5,36,33,20,47,4,23,73,0,4,0
41,209,12,3,9,3,7,1,1,2,0,4,9,0,0,0
42,209,111,56,57,11,63,37,56,75,7,30,103,4,0,0
43,209,3,1,2,0,2,1,0,5,0,0,5,0,0,0
60,209,81,36,45,7,52,24,25,73,0,8,77,0,2,0
61,209,10,5,4,5,6,0,4,10,0,0,10,0,0,0
63,209,98,46,51,11,59,25,28,91,2,6,95,0,0,0
64,209,288,149,142,42,197,50,91,260,5,24,284,0,1,0
39,210,115,55,61,14,73,27,41,61,5,48,111,0,3,0
40,210,7,3,5,1,3,1,3,5,0,1,5,0,0,0
58,210,189,100,90,29,126,33,92,175,0,15,187,0,0,0
59,210,39,17,23,8,24,7,12,36,0,1,35,1,0,0
60,210,22,12,8,6,11,9,4,22,0,0,21,0,0,0
61,210,15,6,10,5,7,6,6,15,0,1,14,0,0,0
62,210,144,76,69,27,84,37,35,117,12,14,143,0,0,0
63,210,233,113,121,37,145,50,56,184,22,31,226,0,5,0
37,211,194,93,103,18,116,57,71,144,11,35,189,4,0,0
38,211,153,78,76,14,91,48,63,137,7,9,151,1,0,0
39,211,93,46,47,16,51,29,37,70,8,18,89,1,1,0
50,211,7,2,5,2,2,1,2,6,0,1,5,0,0,0
55,211,58,30,30,11,40,8,18,54,1,3,57,0,0,0
57,211,77,36,38,8,53,16,39,71,0,6,77,0,0,0
58,211,26,15,11,6,18,4,14,24,0,0,26,0,0,0
59,211,153,73,78,31,92,32,59,131,0,19,150,1,0,0
60,211,272,137,136,48,163,61,95,233,0,40,273,0,1,0
61,211,154,79,75,18,92,46,52,130,0,24,147,0,2,0
47,212,2,1,0,0,0,2,0,2,0,0,2,0,0,0
48,212,28,14,14,3,22,0,16,25,0,2,26,2,0,0
50,212,5,3,1,0,2,2,0,6,0,0,6,0,0,0
51,212,17,10,9,4,10,3,6,16,0,5,13,0,0,0
52,212,100,48,52,25,68,10,36,91,0,9,95,4,0,0
57,212,12,9,4,2,9,0,7,11,0,0,11,0,0,0
58,212,31,11,20,8,18,6,7,27,3,2,33,0,0,0
59,212,22,16,9,6,13,3,11,21,0,4,21,0,0,0
61,212,27,18,9,3,21,4,9,20,3,2,20,3,1,0
35,213,256,130,125,37,149,70,88,226,6,22,248,0,4,0
44,213,23,13,12,0,16,9,5,20,0,1,23,0,0,0
45,213,35,13,21,4,24,8,12,30,0,4,36,0,0,0
47,213,21,8,14,3,17,3,5,22,0,0,20,0,0,0
52,213,28,10,17,6,22,1,10,24,0,3,30,0,0,0
54,213,89,46,45,14,56,14,40,80,0,8,89,0,5,0
55,213,92,51,44,21,50,19,27,85,0,4,92,0,0,0
56,213,23,11,11,1,21,2,15,23,0,4,20,1,0,0
57,213,2,1,1,0,0,0,0,0,0,0,0,0,0,0
60,213,237,118,121,32,156,49,95,198,1,37,230,6,0,0
61,213,78,39,39,18,46,16,34,58,1,15,71,3,0,0
35,214,30,13,15,1,21,8,10,21,0,7,30,0,0,0
44,214,10,4,3,0,9,2,6,7,0,1,9,0,0,0
49,214,22,12,9,5,14,4,8,23,0,1,17,2,0,0
50,214,44,25,18,3,27,14,18,36,0,7,45,0,0,0
51,214,21,12,11,0,16,3,12,20,0,2,21,0,0,0
52,214,32,17,16,3,24,5,12,26,0,7,31,0,0,0
53,214,12,6,4,3,7,0,6,4,0,6,11,0,0,0
54,214,2,0,0,0,0,2,0,2,0,0,2,0,0,0
55,214,29,14,13,10,18,2,13,26,0,1,30,0,0,0
56,214,1724,851,873,307,1087,332,668,1425,13,288,1678,30,0,0
57,214,358,175,182,59,258,38,173,296,0,60,352,2,0,0
58,214,2,1,0,0,4,0,4,0,0,1,4,0,0,0
59,214,16,9,5,2,10,5,5,14,0,3,16,0,0,0
32,215,380,191,188,38,226,116,165,324,3,54,370,4,3,0
33,215,194,97,96,18,104,73,61,162,9,28,192,0,0,0
44,215,3,1,2,0,1,0,1,1,0,0,1,0,0,0
47,215,8,6,6,0,4,3,2,7,0,0,9,0,0,0
48,215,33,17,15,0,22,11,12,33,0,2,33,0,0,0
49,215,4,2,0,0,2,0,4,4,0,0,4,0,0,0
56,215,26,14,13,0,19,9,12,22,1,2,23,0,1,0
59,215,16,9,8,0,12,1,7,12,1,1,12,0,3,0
60,215,41,17,25,3,25,11,10,29,2,8,40,0,0,0
31,216,71,35,34,10,45,15,29,59,0,9,66,3,0,0
32,216,512,247,266,71,282,158,193,433,17,61,493,11,0,0
33,216,23,12,11,2,11,8,10,16,7,3,21,0,0,0
38,216,3,1,1,0,0,2,4,4,0,0,4,0,0,0
44,216,1,5,0,0,5,0,0,5,0,0,5,0,0,0
45,216,7,6,1,0,4,3,1,8,0,0,8,0,0,0
46,216,3,2,0,0,1,1,0,3,0,0,3,0,0,0
49,216,5,3,0,0,5,0,1,5,0,0,5,0,0,0
52,216,4,1,0,0,0,2,0,4,0,0,4,0,0,0
54,216,39,23,17,4,27,7,16,37,0,2,38,0,0,0
55,216,2,0,1,0,0,3,0,3,0,0,3,0,0,0
56,216,69,29,40,12,43,13,20,58,0,11,67,1,0,0
57,216,68,30,40,11,45,12,26,54,0,16,64,0,2,0
58,216,46,21,27,9,32,6,9,40,0,5,46,0,0,0
59,216,49,24,25,5,31,11,24,47,0,2,51,0,0,0
60,216,63,36,27,10,36,15,25,44,0,17,61,0,0,0
61,216,23,12,13,3,16,3,12,18,0,3,20,0,0,0
2,217,1,0,1,0,1,0,0,1,0,0,1,0,0,0
30,217,111,55,56,12,74,28,49,105,4,5,109,0,0,0
31,217,105,50,58,14,61,30,42,84,4,18,99,5,0,0
33,217,1,0,0,0,0,0,0,0,0,0,0,0,0,0
43,217,13,7,4,1,8,5,5,13,0,0,13,0,0,0
44,217,11,4,3,1,3,6,1,10,0,0,10,0,0,0
45,217,4,2,0,0,6,1,0,3,0,0,3,0,0,0
46,217,16,10,7,0,7,6,4,16,0,0,15,2,0,0
47,217,6,2,4,0,3,3,1,4,0,0,4,0,0,0
48,217,22,15,7,2,11,7,8,24,0,0,24,0,0,0
49,217,20,11,14,1,16,4,6,16,0,4,22,0,0,0
50,217,10,4,4,0,8,4,5,10,0,0,10,0,0,0
51,217,22,7,13,3,16,2,9,16,0,7,21,0,0,0
52,217,9,5,3,0,9,4,6,6,0,1,8,0,0,0
53,217,21,8,12,4,12,7,8,20,0,3,21,0,0,0
54,217,62,30,33,10,42,13,25,53,4,10,59,0,0,0
56,217,11,8,5,0,11,2,7,9,0,5,11,0,0,0
58,217,5,1,4,0,8,0,1,2,0,3,8,0,0,0
59,217,15,11,3,0,16,0,3,11,0,1,13,1,0,0
8,218,5,5,1,0,2,2,2,5,0,0,5,0,0,0
9,218,3,3,0,0,0,2,0,2,0,0,2,0,0,0
14,218,37,21,17,2,19,16,9,34,4,1,36,0,0,0
30,218,682,317,364,99,414,169,309,579,20,79,665,7,1,0
31,218,88,46,40,8,68,16,47,79,3,5,85,0,0,0
44,218,5,3,0,0,3,4,1,5,0,0,5,0,0,0
45,218,30,13,17,1,17,10,15,28,0,2,29,1,0,0
46,218,24,14,10,0,18,7,12,23,0,1,26,0,0,0
47,218,55,28,26,1,36,14,29,51,0,2,56,0,0,0
49,218,2,0,0,0,0,0,0,1,0,0,1,0,0,0
51,218,53,27,27,8,37,8,17,43,1,7,48,6,0,0
52,218,61,33,29,12,37,14,24,56,0,4,60,0,0,0
2,219,89,46,44,12,57,20,34,85,0,5,90,0,0,0
3,219,167,85,81,31,100,38,62,159,2,8,165,1,2,0
9,219,6,1,4,0,1,4,1,8,0,0,8,0,0,0
10,219,6,4,5,0,5,4,0,6,0,0,6,0,0,0
13,219,4,1,3,0,0,4,0,2,0,0,2,0,0,0
14,219,52,31,21,7,31,12,17,35,0,15,50,0,1,0
15,219,464,252,214,55,259,152,162,419,3,42,451,2,5,0
29,219,99,40,56,13,65,20,45,89,2,7,98,2,0,0
30,219,661,323,335,77,407,177,301,585,18,58,654,6,2,0
31,219,63,29,34,6,40,18,21,49,0,14,62,1,0,0
42,219,4,4,1,0,3,0,0,3,0,0,3,0,0,0
43,219,9,5,5,0,3,3,5,8,0,0,7,4,0,0
52,219,43,17,25,5,30,7,19,34,0,10,40,0,1,0
53,219,9,6,4,0,4,2,2,9,0,1,8,0,0,0
2,220,17,10,8,5,11,6,8,15,1,3,16,0,0,0
3,220,2,1,1,0,0,4,0,4,0,0,4,0,0,0
9,220,2,1,1,0,0,1,0,1,0,0,1,0,0,0
12,220,13,7,6,2,6,6,4,14,0,0,14,0,0,0
13,220,573,283,288,70,338,161,223,536,10,29,559,3,5,0
15,220,4,1,4,0,4,3,1,1,1,1,4,0,0,0
27,220,12,6,5,0,10,2,5,9,0,2,9,0,2,0
28,220,251,122,128,62,162,25,114,189,4,60,245,0,3,0
30,220,10,5,4,0,7,3,7,10,0,0,10,0,0,0
42,220,5,0,2,0,6,0,0,4,0,0,4,0,0,0
44,220,10,5,5,0,2,8,0,8,0,0,8,0,0,0
50,220,11,7,7,2,8,5,5,9,0,1,9,0,0,0
53,220,13,8,6,2,6,4,0,10,0,0,13,0,0,0
0,221,47,19,28,6,29,9,19,45,0,2,47,0,0,0
1,221,8,6,1,2,5,0,0,9,0,0,9,0,0,0
12,221,79,38,42,8,39,34,24,78,0,1,77,0,1,0
13,221,26,13,14,0,13,12,5,25,0,2,26,0,0,0
26,221,186,91,98,17,121,53,74,136,3,43,180,0,2,0
27,221,4547,2126,2422,638,2812,1100,1869,3597,83,870,4460,28,23,0
28,221,1064,499,567,167,721,174,481,748,17,302,1031,8,11,0
29,221,1,1,0,0,1,0,1,1,0,0,1,0,0,0
41,221,2,2,0,0,0,0,0,0,0,0,0,0,0,0
43,221,5,3,4,0,0,6,0,3,0,5,2,3,0,0
0,222,231,105,127,34,151,45,91,214,0,15,228,1,1,0
1,222,21,11,10,2,15,1,8,22,0,0,22,0,0,0
25,222,10,3,6,7,6,0,0,3,0,10,10,0,0,0
26,222,3875,1854,2021,559,2509,803,1681,3088,84,705,3786,26,28,0
27,222,1920,875,1045,316,1184,419,825,1530,42,350,1880,7,9,0
28,222,7,3,6,1,3,0,4,2,0,2,7,0,0,0
40,222,21,12,7,0,12,7,6,20,0,0,21,0,0,0
41,222,12,6,7,0,7,4,6,9,0,0,12,0,0,0
42,222,1,0,0,0,0,0,0,0,0,0,0,0,0,0
12,223,4,1,0,1,0,2,0,4,0,0,4,1,0,0
14,223,4,0,5,0,4,1,0,5,0,0,2,0,0,0
25,223,2,0,0,0,0,0,0,0,0,0,0,0,0,0
26,223,1079,523,555,197,733,151,511,798,43,239,1050,7,12,0
27,223,45,21,22,9,27,9,24,40,2,2,44,0,0,0
38,223,4,0,2,0,2,1,2,3,0,0,5,0,0,0
39,223,11,5,8,4,3,5,3,9,0,1,12,0,0,0
40,223,15,9,4,0,8,6,5,13,1,1,15,0,0,0
46,223,9,4,4,0,0,8,0,10,0,0,10,0,0,0
47,223,1,1,0,0,0,1,0,1,0,0,1,0,0,0
48,223,18,12,9,0,6,11,1,18,0,0,18,0,0,0
50,223,11,5,4,0,5,9,0,10,0,0,11,0,0,0
51,223,19,14,6,0,4,15,4,18,0,1,17,0,0,0
0,224,1,5,0,0,5,0,5,5,0,0,5,0,0,0
10,224,3,2,1,0,4,1,0,1,0,4,2,0,0,0
11,224,14,6,10,4,2,9,0,12,2,3,12,0,0,0
12,224,290,145,143,32,144,111,84,265,8,17,284,3,4,0
23,224,26,15,11,5,10,9,8,25,0,2,25,0,0,0
24,224,152,71,79,21,86,43,59,97,2,54,149,1,0,0
25,224,20,10,6,3,14,2,11,19,0,0,19,0,0,0
26,224,165,81,82,28,109,30,78,138,5,27,164,0,0,0
27,224,95,45,49,10,65,22,49,83,0,11,96,0,0,0
38,224,33,17,17,10,20,6,6,32,0,1,32,0,0,0
39,224,3,0,3,0,0,0,1,0,0,0,0,0,0,0
40,224,1,1,0,0,0,1,0,1,0,0,1,0,0,0
45,224,1,1,0,0,1,0,1,1,0,0,1,0,0,0
46,224,1,0,0,0,0,0,0,0,0,0,0,0,0,0
50,224,7,2,3,0,7,4,0,8,0,0,8,0,0,0
2,225,101,56,47,19,66,15,45,98,2,0,97,1,0,0
3,225,1110,575,536,123,669,317,436,1049,24,35,1089,15,0,0
4,225,124,65,62,17,72,36,50,116,3,5,118,1,0,0
11,225,23,12,10,0,13,9,7,16,0,9,22,0,0,0
12,225,1,0,0,0,0,0,0,0,0,0,0,0,0,0
22,225,92,48,46,7,57,33,33,76,3,13,90,1,0,0
23,225,323,164,159,40,211,74,127,231,11,79,315,3,4,0
24,225,66,32,34,6,42,19,30,53,2,12,63,3,0,0
35,225,13,7,8,0,6,8,2,12,0,0,12,0,0,0
36,225,7,4,6,0,2,4,4,7,0,0,3,2,0,0
37,225,7,2,4,0,1,9,0,8,0,0,8,0,0,0
40,225,5,4,1,0,4,2,0,4,0,0,4,0,0,0
45,225,6,6,4,0,7,0,6,7,0,0,7,0,0,0
46,225,2,1,2,0,1,2,0,2,1,0,2,0,0,0
49,225,5,6,1,1,6,0,1,5,0,0,5,0,0,0
3,226,4,0,0,1,2,3,2,2,0,0,4,0,0,0
4,226,1,1,0,0,0,1,1,1,0,0,1,0,0,0
21,226,6,3,3,0,5,2,2,5,0,0,5,0,0,0
22,226,2,1,1,0,1,1,0,1,0,0,1,0,0,0
23,226,51,22,28,7,30,17,11,28,5,20,44,0,0,0
34,226,8,5,4,0,1,8,0,7,0,0,7,0,0,0
35,226,2,3,5,0,4,0,0,4,0,0,4,0,0,0
39,226,1,5,0,0,0,5,0,5,0,0,5,0,0,0
40,226,2,2,0,0,0,0,0,0,0,0,0,0,0,0
44,226,13,9,8,0,10,2,5,14,0,0,14,0,0,0
45,226,5,6,0,0,2,2,0,6,0,0,6,0,0,0
46,226,28,17,9,6,16,7,7,28,0,1,28,0,0,0
47,226,6,5,0,5,4,0,0,8,0,0,8,0,0,0
48,226,4,4,0,0,0,4,0,4,0,0,4,0,0,0
49,226,1,0,0,0,0,0,0,0,0,0,0,0,0,0
20,227,32,17,14,9,19,8,14,31,0,3,29,0,0,0
21,227,622,290,331,62,388,174,254,494,19,106,610,7,0,0
23,227,6,5,3,0,4,0,2,6,0,1,6,0,0,0
37,227,16,8,9,4,10,5,8,14,0,0,14,0,0,0
38,227,4,4,0,0,3,1,0,4,0,0,4,0,0,0
42,227,22,11,12,1,14,6,7,21,0,2,21,0,0,0
43,227,8,3,6,1,5,5,3,7,1,0,7,0,0,0
44,227,35,18,19,0,15,22,10,32,0,1,35,0,0,0
47,227,43,23,19,0,25,15,8,33,0,9,44,0,0,0
19,228,152,73,80,20,82,53,57,140,0,12,145,2,2,0
20,228,725,351,374,93,443,190,285,514,23,186,711,3,7,0
21,228,430,207,223,68,259,104,171,334,12,83,414,6,7,0
23,228,103,52,51,17,66,23,50,84,2,15,96,2,0,0
24,228,25,15,12,7,9,10,7,23,0,5,24,0,0,0
39,228,4,0,3,0,0,3,0,5,0,0,5,0,0,0
40,228,1,0,0,0,0,0,0,0,0,0,0,0,0,0
42,228,38,19,17,5,18,15,7,37,0,0,39,0,0,0
43,228,28,17,9,0,11,14,10,25,1,1,28,0,0,0
46,228,17,6,11,1,11,3,5,11,0,6,16,0,1,0
18,229,151,67,85,17,91,46,55,131,1,17,140,7,0,0
19,229,485,236,249,52,310,125,218,394,15,74,476,1,3,0
34,229,14,8,6,0,8,4,4,12,0,0,12,0,0,0
35,229,5,2,2,2,1,0,0,6,0,0,6,0,0,0
36,229,1,1,0,0,0,1,0,1,0,0,1,0,0,0
37,229,2,4,1,0,2,0,1,2,0,0,2,0,0,0
39,229,8,4,5,0,2,6,0,7,0,0,7,0,0,0
40,229,17,9,8,2,7,9,3,18,0,0,18,0,0,0
45,229,12,8,4,0,7,6,0,8,1,0,10,2,0,0
16,230,85,47,39,15,56,17,40,80,2,7,81,1,0,0
17,230,361,172,188,59,216,87,151,314,16,32,346,5,4,0
18,230,173,84,89,15,114,46,79,134,9,29,171,0,0,0
19,230,2,0,1,0,0,1,0,1,0,0,1,0,0,0
31,230,2,1,0,0,1,0,1,1,0,0,1,0,0,0
32,230,12,7,5,4,5,1,0,14,0,0,14,0,0,0
33,230,2,4,0,0,0,1,0,4,0,0,4,0,0,0
37,230,9,5,5,1,5,5,4,7,0,0,7,0,0,0
38,230,10,2,7,0,4,6,4,11,0,0,11,0,0,0
46,230,16,5,7,1,6,7,2,16,0,0,15,0,0,0
47,230,3,2,1,0,0,0,0,2,0,0,2,0,0,0
10,231,16,6,9,0,9,4,1,7,3,6,11,0,1,0
11,231,11,5,3,0,8,5,1,3,1,4,11,0,0,0
13,231,14,8,6,0,6,8,3,13,0,1,16,0,0,0
14,231,3,0,4,0,0,1,1,1,0,0,1,0,0,0
16,231,11,6,5,0,7,4,6,14,0,0,14,0,0,0
17,231,3,0,1,1,1,0,1,3,0,0,3,0,0,0
29,231,8,2,2,0,3,5,0,7,0,0,7,0,0,0
30,231,25,13,10,4,19,2,8,25,0,1,20,1,2,0
31,231,6,4,3,4,2,0,0,5,0,0,5,0,0,0
32,231,10,7,5,0,5,1,0,11,0,0,11,0,0,0
33,231,2,0,1,0,1,1,0,1,0,0,1,0,0,0
35,231,5,1,3,0,1,3,0,7,0,0,7,0,0,0
36,231,18,10,8,0,14,4,5,15,0,1,19,0,0,0
41,231,12,6,6,1,12,0,7,10,0,0,10,0,0,0
42,231,5,5,3,0,5,0,0,2,0,2,5,0,0,0
45,231,19,10,10,0,12,6,4,17,0,0,17,0,0,0
46,231,81,43,41,13,50,19,24,75,0,5,80,0,0,0
1,232,25,14,11,0,17,6,6,21,0,4,25,0,0,0
2,232,428,214,214,68,278,84,173,326,13,87,421,6,0,0
3,232,265,126,138,42,161,63,98,217,5,44,250,9,5,0
4,232,140,76,66,15,86,39,49,110,8,25,138,0,0,0
5,232,18,7,9,0,10,6,7,15,0,1,16,0,0,0
6,232,41,22,19,5,26,11,11,23,2,13,40,0,0,0
7,232,68,36,32,11,42,13,30,46,1,19,66,0,0,0
8,232,92,46,46,10,56,24,30,81,0,9,88,2,0,0
9,232,141,64,74,18,79,43,44,116,3,21,140,1,2,0
10,232,74,37,38,8,38,32,22,47,5,25,72,1,0,0
11,232,48,25,28,5,18,26,13,34,2,13,50,0,0,0
12,232,20,7,12,4,5,11,5,16,0,2,21,0,0,0
13,232,113,56,56,9,53,53,26,65,9,37,109,0,1,0
16,232,13,8,7,2,8,3,8,11,0,0,13,0,0,0
26,232,54,29,25,11,32,9,16,52,0,1,51,0,0,0
27,232,35,20,17,4,24,7,11,35,0,0,30,3,1,0
28,232,3,0,4,0,1,3,1,2,0,0,2,0,0,0
29,232,75,36,38,10,59,8,27,71,0,3,70,0,0,0
30,232,15,6,8,0,4,10,4,16,0,0,13,1,0,0
31,232,6,1,3,6,3,0,2,6,0,0,6,0,0,0
35,232,7,2,4,1,3,4,4,6,0,0,6,0,0,0
36,232,9,5,4,1,5,1,4,7,0,0,7,0,0,0
39,232,36,21,17,4,24,4,8,35,0,3,36,0,0,0
40,232,8,2,8,3,3,1,1,7,0,0,7,0,0,0
42,232,1,0,0,0,0,0,0,0,0,0,0,0,0,0
44,232,111,52,59,7,75,27,32,103,0,6,107,0,3,0
45,232,320,170,150,57,206,56,102,293,7,22,312,8,1,0
0,233,81,43,35,12,57,11,39,67,3,9,77,1,0,0
1,233,350,169,184,51,242,53,139,290,13,46,338,1,5,0
2,233,4,1,4,0,4,0,0,4,0,0,2,0,0,0
3,233,5,5,1,0,2,1,0,5,0,0,5,0,0,0
5,233,13,8,7,1,10,2,3,11,0,0,14,0,0,0
6,233,8,1,6,0,7,1,3,9,0,0,9,0,0,0
12,233,7,5,3,0,7,1,2,6,0,0,6,0,0,0
16,233,58,24,32,9,30,16,21,59,0,1,56,1,0,0
17,233,68,28,42,10,41,17,27,60,5,3,66,0,0,0
23,233,3,0,1,0,3,0,2,3,0,0,3,0,0,0
24,233,40,21,21,4,24,12,11,38,0,4,37,0,0,0
26,233,14,7,8,0,10,3,4,14,0,1,13,0,0,0
27,233,15,7,7,0,9,10,5,14,0,1,13,1,0,0
28,233,81,37,45,10,60,11,31,75,0,8,77,1,0,0
29,233,177,83,93,34,99,41,72,168,3,3,172,3,0,0
30,233,25,13,12,1,19,3,8,23,0,0,23,0,0,0
34,233,9,4,5,0,3,7,2,7,0,0,12,0,0,0
38,233,70,36,36,11,51,9,31,61,1,5,70,0,0,0
39,233,63,31,31,14,35,16,13,61,1,1,61,0,1,0
41,233,7,8,4,0,9,0,3,9,0,0,9,0,0,0
42,233,122,58,64,20,78,26,42,117,2,5,119,3,0,0
43,233,506,260,247,96,329,80,176,482,5,22,494,5,1,0
44,233,376,174,202,46,223,109,121,347,2,28,371,0,0,0
45,233,3,0,0,0,0,2,0,0,0,0,1,0,3,0
0,234,158,75,85,24,100,35,57,150,5,2,158,0,0,0
1,234,3,5,0,1,2,0,0,2,0,0,2,0,0,0
4,234,17,10,9,3,7,7,4,17,0,0,17,0,0,0
6,234,63,33,30,6,42,13,27,59,1,2,60,2,0,0
7,234,24,12,12,1,15,11,11,21,0,0,22,1,0,0
8,234,38,21,17,7,23,6,18,35,1,0,39,4,0,0
9,234,1,0,2,0,2,0,0,2,0,0,2,0,0,0
10,234,35,21,13,2,26,4,14,33,1,0,33,0,1,0
11,234,7,6,0,0,8,0,5,8,0,0,8,0,0,0
12,234,7,3,4,0,7,0,6,3,0,5,9,0,0,0
13,234,48,22,26,3,32,17,16,46,0,1,48,1,0,0
14,234,105,52,51,13,67,24,35,97,0,10,104,1,0,0
16,234,31,12,19,3,16,14,8,26,0,5,26,1,1,0
17,234,11,5,4,0,7,5,6,11,0,0,11,0,0,0
22,234,22,7,14,0,15,5,4,18,4,1,22,0,0,0
23,234,2,0,3,0,0,3,0,3,0,0,3,0,0,0
26,234,5,4,0,0,1,2,0,6,0,0,6,0,0,0
27,234,8,2,3,0,4,6,4,7,0,0,7,0,0,0
28,234,90,42,48,11,60,17,35,86,0,4,87,0,0,0
29,234,6,6,1,0,6,0,0,6,0,0,6,0,0,0
30,234,34,17,17,8,19,5,10,32,0,1,36,0,0,0
33,234,28,20,9,6,19,2,8,27,0,0,27,0,0,0
36,234,98,54,46,23,63,13,34,96,0,4,93,0,0,0
37,234,56,26,29,6,42,9,21,51,0,2,54,0,0,0
38,234,99,45,52,21,62,16,27,93,2,5,92,4,4,0
39,234,111,57,58,16,66,27,29,103,1,4,108,0,0,0
41,234,254,134,121,39,174,40,99,239,1,13,248,0,2,0
42,234,364,181,185,48,256,61,144,340,7,21,360,4,0,0
43,234,17,12,7,3,13,1,6,17,0,0,17,0,0,0
0,235,687,330,357,130,424,135,286,627,16,47,669,3,4,0
4,235,3,4,1,0,1,3,1,3,0,0,3,0,0,0
7,235,149,74,76,19,108,22,68,137,3,9,141,5,0,0
8,235,268,143,123,66,163,36,91,251,6,8,263,0,0,0
9,235,102,45,58,17,71,13,46,98,5,1,99,0,0,0
10,235,74,47,28,6,55,11,28,70,0,5,72,0,0,0
11,235,51,27,26,16,30,5,24,51,0,0,51,0,0,0
12,235,21,12,11,2,14,5,8,20,0,0,21,0,0,0
13,235,25,15,12,5,15,6,9,25,0,0,25,0,0,0
14,235,75,40,35,3,54,13,34,74,0,2,72,0,0,0
15,235,134,58,75,21,57,57,36,124,0,7,114,16,0,0
17,235,1,0,0,0,0,0,0,0,0,0,0,0,0,0
20,235,16,7,9,1,10,7,5,14,0,0,14,0,0,0
22,235,30,18,13,1,20,8,9,28,0,2,26,0,5,0
23,235,23,11,15,0,13,11,10,18,0,5,24,0,0,0
26,235,1,0,5,0,0,5,0,5,0,0,5,0,0,0
27,235,5,3,1,0,1,3,0,6,0,0,6,0,0,0
28,235,8,4,2,0,6,0,4,8,0,0,8,0,0,0
29,235,13,4,9,0,6,7,6,12,0,1,14,0,0,0
31,235,3,0,2,0,5,1,0,2,0,0,2,0,0,0
33,235,11,6,4,0,8,5,3,11,0,0,11,0,0,0
34,235,170,85,82,22,110,37,65,155,5,10,162,0,2,0
35,235,127,66,64,26,79,23,37,113,1,14,127,0,0,0
36,235,29,12,17,3,23,5,10,28,0,1,26,0,2,0
37,235,132,66,65,19,94,20,53,129,0,1,128,0,0,0
38,235,50,25,25,8,30,13,16,50,0,0,50,0,0,0
39,235,99,45,53,10,56,32,23,92,0,8,98,0,0,0
40,235,104,46,57,12,67,27,33,94,0,10,100,0,2,0
41,235,555,259,293,90,358,106,202,518,2,34,546,8,1,0
3,236,9,4,5,0,5,4,2,11,0,0,9,0,0,0
4,236,26,10,16,5,15,3,5,23,0,0,25,0,0,0
5,236,20,12,11,2,14,6,7,20,0,0,20,0,0,0
6,236,55,25,28,15,31,13,20,54,0,1,54,0,2,0
8,236,26,16,12,2,21,3,16,26,0,0,24,1,0,0
9,236,21,8,11,5,14,4,10,21,1,0,19,0,1,0
10,236,259,137,123,36,156,67,101,245,10,4,249,3,3,0
11,236,168,87,80,32,107,30,73,167,1,0,156,7,1,0
12,236,103,50,54,29,56,20,38,98,0,6,96,5,0,0
13,236,176,94,85,16,116,44,87,171,4,1,173,3,0,0
15,236,82,42,38,11,51,20,40,77,0,6,74,1,1,0
16,236,21,13,9,1,13,5,13,21,0,0,19,0,0,0
17,236,16,8,4,2,4,8,2,14,0,1,14,1,0,0
18,236,1,0,1,0,0,1,0,0,0,1,1,0,0,0
19,236,25,9,18,3,18,1,14,24,0,0,25,0,0,0
20,236,34,14,18,1,11,22,8,29,3,2,35,0,0,0
21,236,37,16,16,7,25,7,20,35,0,0,38,0,0,0
22,236,22,9,12,1,14,8,9,19,0,0,22,0,0,0
23,236,18,8,8,0,9,7,5,17,0,4,18,0,1,0
24,236,64,28,34,5,35,21,18,62,0,0,59,3,0,0
25,236,38,22,16,0,26,13,14,36,0,2,37,1,0,0
30,236,55,32,25,10,30,15,14,53,0,0,55,0,0,0
31,236,94,54,40,15,69,12,45,91,0,4,92,0,0,0
33,236,63,32,32,15,31,16,20,62,0,1,62,0,0,0
34,236,133,70,61,23,86,26,50,130,5,3,129,1,0,0
35,236,30,16,17,9,14,12,8,29,0,5,28,0,0,0
36,236,248,127,122,39,149,60,76,237,0,11,237,1,7,0
37,236,160,79,80,36,102,23,55,151,2,4,155,0,0,0
38,236,215,100,115,40,130,43,79,199,4,10,210,4,1,0
39,236,187,85,102,52,98,35,60,175,0,11,185,0,0,0
40,236,148,74,72,21,94,35,52,136,3,10,144,3,0,0
41,236,409,219,189,58,266,87,131,380,7,23,397,2,2,0
42,236,69,40,29,8,46,19,28,63,1,3,69,0,0,0
0,237,7,4,1,2,6,2,6,7,0,0,6,0,0,0
1,237,55,29,25,6,37,14,23,49,3,1,57,0,0,0
2,237,171,83,87,36,103,33,65,159,0,12,164,4,0,0
3,237,193,89,101,24,121,45,83,187,0,8,188,1,1,0
4,237,175,96,79,37,95,45,64,171,0,4,172,2,0,0
5,237,70,35,36,16,40,16,24,68,0,5,65,3,0,0
15,237,11,5,7,0,7,6,5,8,0,1,11,0,0,0
16,237,40,24,16,0,26,15,13,39,0,1,38,0,0,0
17,237,45,24,21,12,24,7,16,46,0,0,47,0,0,0
18,237,58,28,33,9,30,20,19,52,0,4,59,0,0,0
20,237,29,15,14,7,16,9,7,28,0,0,22,4,0,0
24,237,5,3,3,0,2,4,1,5,0,0,5,0,0,0
25,237,67,35,32,11,36,18,26,67,0,1,66,0,0,0
28,237,15,5,9,0,7,7,3,16,0,0,16,0,0,0
29,237,13,8,7,0,12,2,4,11,0,0,13,0,0,0
30,237,18,9,9,4,14,5,5,16,0,0,15,0,0,0
33,237,141,67,73,28,86,28,45,127,8,7,137,0,0,0
34,237,153,82,73,22,83,48,52,144,1,8,149,3,0,0
35,237,35,20,16,8,24,3,11,29,1,0,35,0,0,0
36,237,167,83,81,26,110,30,60,166,0,3,164,1,0,0
37,237,485,231,258,77,311,94,181,448,12,26,464,8,0,0
38,237,121,57,64,10,74,34,39,106,2,14,116,2,1,0
39,237,167,74,91,25,108,38,61,148,3,15,160,5,0,0
40,237,104,53,51,10,64,26,25,94,3,4,98,0,1,0
41,237,45,22,23,5,28,15,7,41,0,4,42,0,0,0
45,237,145,80,68,32,90,23,49,132,0,15,144,0,0,0
46,237,51,26,25,6,38,10,23,45,0,7,50,0,0,0
0,238,269,139,132,47,164,62,124,262,1,5,261,2,0,0
1,238,105,46,61,9,56,40,38,103,5,3,105,1,0,0
2,238,7,3,1,0,3,3,5,7,0,0,7,0,0,0
8,238,33,20,14,1,26,6,12,32,0,0,32,0,0,0
9,238,99,56,41,14,68,17,38,100,0,0,96,2,0,0
15,238,33,17,16,5,25,5,16,31,0,0,33,0,0,0
16,238,130,66,63,25,71,35,46,121,1,4,122,2,0,0
17,238,87,41,45,11,55,19,32,78,0,6,84,0,0,0
18,238,38,18,22,5,21,12,15,33,0,2,38,0,0,0
19,238,50,33,17,7,29,15,22,51,0,0,51,0,0,0
20,238,7,4,1,2,4,2,4,8,0,0,8,0,0,0
22,238,3,2,4,0,3,1,3,3,0,0,3,2,0,0
25,238,39,21,18,5,25,2,17,37,0,0,37,0,0,0
27,238,10,4,4,0,4,4,4,10,0,0,8,0,0,0
28,238,21,9,10,3,13,5,10,23,0,1,19,0,0,0
29,238,1,1,0,0,0,1,0,1,0,0,1,0,0,0
31,238,18,12,7,2,9,10,5,17,0,0,17,0,0,0
32,238,131,63,66,19,87,24,41,121,3,10,130,0,1,0
34,238,110,53,55,20,61,29,19,100,2,4,109,0,0,0
35,238,134,74,62,21,92,20,49,128,1,6,133,0,0,0
36,238,226,110,114,41,152,32,81,211,5,9,222,0,0,0
37,238,99,54,44,20,66,14,38,91,3,6,94,0,3,0
38,238,11,2,9,1,6,6,3,9,0,1,14,0,0,0
39,238,7,1,7,2,3,1,0,7,0,0,7,0,0,0
40,238,64,32,33,6,45,15,24,58,0,3,61,0,0,0
41,238,85,38,44,16,54,13,27,78,0,8,86,0,0,0
42,238,4,2,1,0,5,0,0,5,0,0,5,0,0,0
43,238,68,30,37,11,45,14,18,63,0,6,68,0,0,0
44,238,515,252,263,90,336,90,191,455,6,55,504,1,3,0
45,238,335,166,170,46,217,71,121,291,5,43,327,0,2,0
46,238,25,7,14,6,14,8,4,19,0,7,24,0,0,0
14,239,105,51,55,18,55,34,34,99,1,6,104,0,0,0
15,239,47,23,24,1,30,13,22,44,3,0,44,0,3,0
16,239,74,32,41,8,50,17,33,72,0,1,76,0,0,0
17,239,13,7,2,0,9,4,6,12,0,0,12,0,0,0
23,239,16,5,9,0,10,6,4,13,0,1,16,0,3,0
24,239,1,0,0,0,0,0,0,0,0,0,0,0,0,0
25,239,20,11,10,6,8,7,4,17,0,0,20,0,0,0
26,239,8,2,3,0,4,5,4,7,0,0,7,0,0,0
27,239,24,12,13,5,14,3,11,22,0,0,23,1,0,0
29,239,14,6,9,1,6,6,6,14,0,2,15,0,0,0
30,239,22,14,11,0,17,6,10,22,0,1,20,0,0,0
31,239,10,6,4,1,3,3,5,9,0,0,9,0,0,0
34,239,16,8,7,3,8,2,5,16,0,0,15,0,0,0
36,239,163,81,81,26,115,23,67,154,0,10,158,2,0,0
37,239,25,13,10,5,17,3,10,25,0,1,25,0,0,0
38,239,209,106,104,38,147,26,78,194,4,14,207,0,0,0
39,239,379,192,186,52,253,75,146,357,0,19,369,5,4,0
40,239,748,382,368,124,496,132,269,679,15,58,728,4,2,0
41,239,1784,877,908,303,1128,352,631,1537,29,217,1732,26,10,0
42,239,731,347,381,161,456,113,267,616,11,103,714,3,1,0
43,239,392,188,205,67,252,73,156,357,7,30,382,3,4,0
44,239,48,25,23,9,32,6,21,44,0,6,47,0,0,0
45,239,13,5,6,1,8,0,6,12,0,1,13,0,0,0
6,240,3,2,2,0,2,2,2,2,0,0,2,0,0,0
7,240,2,2,4,0,2,4,0,3,0,0,3,0,0,0
10,240,23,12,9,2,12,6,5,23,0,0,23,0,0,0
11,240,82,38,43,13,53,18,34,80,0,1,81,0,0,0
12,240,3,4,0,0,4,0,0,0,0,0,0,0,0,0
13,240,69,34,34,10,37,23,26,68,0,4,65,3,0,0
14,240,72,35,34,11,42,16,30,72,0,0,69,2,0,0
15,240,3,3,0,3,3,0,0,4,0,0,4,0,0,0
17,240,2,1,1,0,0,1,0,1,0,0,1,0,0,0
19,240,15,10,7,0,8,6,5,16,0,0,16,0,0,0
20,240,6,4,2,1,3,0,3,8,0,0,4,0,0,0
23,240,18,11,6,2,12,5,8,20,0,0,20,0,0,0
24,240,18,8,10,2,7,7,4,20,0,0,20,0,0,0
27,240,5,1,3,0,7,0,3,2,0,2,7,0,0,0
28,240,60,27,32,6,40,15,29,61,3,0,58,0,0,0
29,240,23,11,12,5,12,4,8,18,4,0,22,0,0,0
30,240,67,34,34,6,42,21,26,61,5,3,65,0,3,0
31,240,54,28,26,10,30,17,13,49,4,0,53,0,1,0
36,240,112,54,56,24,75,14,46,105,4,4,107,5,0,0
37,240,199,109,89,41,128,31,76,181,2,13,195,8,0,0
38,240,265,136,131,52,170,43,92,233,0,27,260,5,4,0
39,240,27,18,10,3,24,3,13,24,0,4,30,0,0,0
40,240,38,19,20,8,24,5,11,26,1,10,37,0,0,0
41,240,1142,548,591,183,786,172,446,993,11,137,1112,13,6,0
42,240,348,167,182,62,209,76,103,303,5,42,340,3,3,0
43,240,138,71,68,26,85,25,41,123,0,13,130,9,0,0
44,240,39,21,19,0,31,6,19,32,0,5,38,1,0,0
45,240,148,75,74,28,92,26,54,131,0,17,145,0,2,0
46,240,56,35,21,8,37,13,20,43,2,12,58,0,0,0
1,241,14,7,7,2,8,1,4,12,0,0,12,0,0,0
2,241,29,21,7,2,24,5,11,30,0,0,29,4,0,0
3,241,28,16,12,2,19,6,10,26,2,0,27,0,0,0
4,241,7,2,5,0,5,2,1,6,0,0,6,0,0,0
5,241,4,3,1,0,2,0,4,2,0,0,2,0,0,0
6,241,14,9,6,0,10,2,8,12,0,3,12,0,0,0
7,241,15,9,6,2,7,4,7,14,0,0,15,0,0,0
8,241,34,17,17,2,21,9,8,33,1,0,27,1,3,0
9,241,29,18,10,6,21,3,10,30,0,0,30,0,0,0
10,241,113,58,53,23,65,25,45,112,2,0,114,0,0,0
11,241,78,37,41,16,44,15,34,75,0,4,78,0,0,0
12,241,25,12,12,1,15,7,10,25,0,0,22,0,1,0
13,241,36,18,15,4,19,8,14,36,0,0,34,0,0,0
14,241,2,4,0,0,4,0,1,4,0,0,4,0,0,0
15,241,15,12,5,4,6,6,6,15,0,0,15,0,0,0
16,241,32,20,12,7,21,5,11,29,0,3,28,0,0,0
17,241,9,2,6,0,9,3,3,9,0,0,9,0,0,0
18,241,10,6,4,0,8,2,5,8,0,0,11,0,0,0
19,241,19,10,8,0,15,6,3,20,0,0,20,0,0,0
21,241,3,0,3,0,0,2,0,2,0,0,2,0,0,0
22,241,4,2,2,0,0,1,0,3,0,0,3,0,0,0
23,241,36,14,21,4,14,19,5,36,0,0,38,0,0,0
24,241,4,3,2,0,3,0,3,3,0,0,3,0,0,0
25,241,25,15,10,6,11,7,7,23,0,0,23,0,0,0
29,241,19,8,10,0,10,8,4,18,0,1,21,0,0,0
35,241,158,80,78,43,103,13,57,145,0,11,154,0,0,0
36,241,532,246,285,68,326,138,170,502,7,24,523,1,0,0
37,241,214,108,106,32,145,35,81,203,0,13,207,0,2,0
39,241,8,3,5,3,4,2,4,9,0,0,9,0,0,0
40,241,83,38,43,15,51,17,20,77,1,3,79,5,0,0
41,241,137,65,71,36,82,15,48,122,2,13,127,0,4,0
42,241,1,0,0,0,0,0,0,0,0,0,0,0,0,0
43,241,91,44,47,20,62,11,26,81,5,9,92,0,0,0
44,241,123,63,61,18,80,24,45,113,1,8,120,5,0,0
46,241,160,77,82,30,112,19,51,132,6,23,154,0,4,0
47,241,58,24,32,15,32,11,10,47,2,10,52,1,0,0
0,242,18,12,7,3,12,2,4,17,0,0,14,1,0,0
2,242,11,5,6,2,9,0,4,10,0,0,6,1,0,0
4,242,15,8,9,2,10,1,2,15,0,2,11,0,6,0
6,242,95,52,42,19,61,13,40,93,0,2,90,3,0,0
8,242,21,9,13,11,14,0,7,21,1,0,20,0,0,0
10,242,19,14,4,0,16,1,12,20,0,0,20,0,0,0
11,242,14,9,7,2,7,1,7,14,0,0,14,0,0,0
12,242,6,3,4,0,0,6,0,5,0,5,6,0,0,0
13,242,38,16,21,2,28,10,14,36,2,0,37,2,0,0
16,242,34,17,17,0,17,15,8,35,0,0,32,1,0,0
18,242,9,6,5,0,5,1,3,8,0,0,8,0,0,0
19,242,50,26,22,0,32,20,20,50,0,0,49,0,0,0
20,242,15,5,13,0,10,3,10,13,1,0,13,0,1,0
21,242,13,5,7,0,6,11,4,10,0,2,13,0,0,0
22,242,116,63,54,16,81,23,51,105,5,6,112,5,0,0
23,242,13,8,5,0,15,0,8,11,0,0,11,0,0,0
25,242,3,3,0,0,2,3,0,4,0,0,4,0,0,0
26,242,18,9,11,0,12,7,12,17,0,3,18,0,0,0
28,242,9,2,6,0,0,8,0,10,0,0,10,0,0,0
29,242,14,7,4,0,14,1,5,13,0,0,13,0,0,0
30,242,29,12,14,5,19,5,13,28,0,0,31,0,1,0
31,242,175,89,88,26,118,32,77,171,3,1,171,0,3,0
33,242,6,1,5,1,5,0,3,4,0,0,4,0,0,0
34,242,216,105,111,34,128,53,62,206,3,5,208,0,3,0
35,242,355,170,184,61,229,66,118,333,7,12,346,2,0,0
36,242,133,64,70,11,87,34,52,129,0,4,131,0,0,0
38,242,27,13,13,7,21,5,11,25,0,1,25,0,5,0
39,242,36,16,20,5,24,9,12,31,0,6,35,0,0,0
41,242,68,39,28,10,52,7,23,60,2,6,67,0,0,0
42,242,22,10,14,0,14,9,9,21,0,4,22,0,0,0
43,242,37,19,20,8,22,7,11,32,0,5,37,0,0,0
44,242,40,16,22,9,20,12,10,34,0,1,40,2,0,0
45,242,36,19,17,9,22,3,15,34,4,1,39,0,0,0
46,242,55,28,25,14,36,4,14,39,0,14,51,0,0,0
0,243,35,20,15,2,23,9,10,33,2,0,33,1,0,0
1,243,26,11,13,1,18,4,12,22,4,2,24,0,0,0
2,243,13,7,6,0,10,3,4,11,0,0,9,4,0,0
4,243,12,6,5,0,9,5,3,12,0,0,12,0,0,0
7,243,9,2,4,1,4,2,4,8,0,0,8,0,0,0
9,243,53,21,33,9,29,16,22,50,3,1,50,0,0,0
10,243,7,4,1,0,6,0,5,7,0,0,7,0,0,0
19,243,15,6,9,1,5,7,1,12,0,3,12,0,0,0
20,243,60,30,26,4,42,13,32,56,1,2,59,0,0,0
21,243,21,12,8,0,14,10,5,21,0,0,22,0,0,0
22,243,32,16,15,5,15,9,9,33,0,0,33,0,0,0
23,243,5,1,2,0,1,2,1,4,0,0,5,0,0,0
24,243,64,29,33,12,35,18,21,57,4,3,60,2,0,0
26,243,50,25,27,3,32,18,18,45,0,2,46,2,5,0
28,243,1,0,1,0,0,1,0,1,0,0,1,0,0,0
29,243,4,2,1,0,1,2,0,4,0,0,4,0,0,0
30,243,37,18,17,2,20,14,8,35,0,0,31,0,3,0
31,243,21,12,9,2,17,2,6,21,0,0,22,0,0,0
32,243,98,50,47,20,56,23,29,92,2,5,95,0,0,0
33,243,71,33,36,12,55,9,28,65,0,8,71,0,0,0
37,243,46,15,28,12,27,10,10,40,0,3,46,1,0,0
38,243,70,34,36,11,39,17,24,66,0,4,72,0,0,0
39,243,1,2,0,0,0,2,0,2,0,0,2,0,0,0
41,243,1,0,0,0,0,0,0,0,0,0,0,0,0,0
42,243,74,41,30,14,45,15,23,63,0,10,67,6,1,0
43,243,44,25,19,7,32,6,12,40,2,3,42,0,0,0
44,243,19,9,8,0,16,0,8,17,0,0,19,0,0,0
45,243,166,83,84,31,101,36,56,119,9,37,161,6,0,0
1,244,10,4,5,3,3,2,5,8,0,1,12,0,0,0
2,244,7,7,3,0,4,2,2,8,0,0,4,2,0,0
3,244,13,9,7,0,4,8,4,13,0,0,12,0,0,0
4,244,22,12,10,3,15,2,3,18,0,4,23,0,0,0
5,244,28,15,9,0,16,12,4,25,0,0,26,0,0,0
6,244,9,4,6,1,4,3,2,9,2,0,9,0,0,0
7,244,7,4,4,0,3,4,1,6,0,0,6,0,0,0
8,244,6,1,4,0,1,4,1,8,0,0,8,0,0,0
17,244,5,0,4,0,6,3,2,6,0,0,6,0,0,0
18,244,75,40,35,17,47,14,25,71,3,3,72,4,0,0
19,244,191,97,95,29,132,34,75,182,2,7,189,0,0,0
20,244,80,39,43,8,51,26,26,73,2,1,76,0,0,0
21,244,30,18,13,2,12,15,7,29,1,0,29,1,0,0
28,244,20,12,8,5,10,8,5,21,0,0,16,0,0,0
29,244,12,10,4,1,9,4,1,9,0,0,12,0,1,0
34,244,16,8,9,1,15,0,6,16,0,0,16,0,0,0
35,244,11,6,8,0,4,4,2,11,0,0,11,0,0,0
36,244,16,10,6,0,9,5,4,13,0,0,13,0,0,0
39,244,43,21,19,12,23,8,12,40,1,4,42,1,0,0
42,244,12,5,7,5,8,0,7,9,0,3,13,0,0,0
43,244,67,40,32,8,46,10,22,50,5,13,63,0,0,0
44,244,63,26,37,10,42,8,24,60,0,3,59,1,0,0
2,245,41,23,15,5,26,8,16,38,0,0,41,0,0,0
3,245,30,18,15,7,13,11,8,30,0,0,33,2,0,0
4,245,32,20,16,0,19,11,10,33,0,0,33,0,0,0
5,245,9,4,5,0,6,1,2,10,0,0,10,1,0,0
6,245,45,28,19,1,32,16,13,43,0,2,45,0,0,0
7,245,24,13,8,0,21,8,11,22,0,3,23,0,0,0
8,245,7,4,3,0,3,5,1,6,0,0,6,0,0,0
13,245,17,14,8,0,12,5,9,19,0,0,19,0,0,0
14,245,5,0,4,0,0,4,0,6,0,0,3,0,1,0
16,245,13,9,4,0,8,5,4,11,0,0,11,0,0,0
18,245,88,45,43,12,50,27,27,81,0,7,89,0,0,0
19,245,41,25,14,6,28,7,11,39,0,0,37,0,0,0
25,245,20,10,13,0,15,3,10,19,0,2,17,1,0,0
26,245,13,7,7,4,12,0,6,12,0,0,12,0,0,0
30,245,2,0,1,0,0,3,0,3,0,0,3,0,0,0
33,245,5,1,4,0,4,0,0,4,0,0,4,0,0,0
34,245,21,12,7,7,13,1,10,9,9,0,21,0,0,0
39,245,9,7,1,4,4,3,0,6,0,2,10,0,0,0
41,245,65,30,36,18,44,2,21,35,0,27,64,0,0,0
42,245,1,0,2,0,0,2,0,0,0,2,2,0,0,0
1,246,41,21,21,3,22,16,11,39,0,0,38,0,0,0
2,246,15,6,9,3,10,4,6,13,0,0,13,0,0,0
3,246,39,23,17,2,25,10,9,41,0,0,37,5,0,0
4,246,28,10,15,4,20,4,8,26,0,0,28,0,0,0
12,246,8,1,4,0,5,1,4,7,0,0,7,0,0,0
13,246,65,32,31,4,44,18,24,60,2,0,63,0,0,0
14,246,25,12,9,0,12,14,7,23,4,0,25,0,0,0
15,246,88,49,40,12,56,23,29,89,0,1,78,0,8,0
16,246,69,31,38,9,45,14,19,65,0,3,66,3,0,0
23,246,1,3,0,0,3,0,0,3,0,0,3,0,0,0
24,246,6,5,2,0,6,1,7,5,2,0,5,0,2,0
26,246,9,5,4,0,8,1,2,7,0,0,10,0,0,0
28,246,1,2,0,0,0,2,0,2,0,0,2,0,0,0
29,246,18,13,7,2,9,6,6,10,9,2,7,0,11,0
30,246,1,0,0,0,0,0,0,0,0,0,0,0,0,0
31,246,36,21,14,0,22,12,10,26,7,1,32,0,2,0
32,246,68,28,38,1,44,19,20,59,0,11,67,0,0,0
33,246,2,1,0,0,0,1,0,1,0,0,3,0,0,0
34,246,5,4,1,0,5,0,2,3,0,0,5,0,0,0
0,247,2,0,0,0,0,0,0,2,0,0,2,0,0,0
3,247,22,13,8,6,11,6,4,23,0,0,21,0,0,0
5,247,11,3,7,0,13,0,7,13,0,0,11,0,0,0
6,247,3,1,4,0,1,4,0,3,0,0,3,0,0,0
7,247,3,2,1,0,0,0,0,2,0,0,2,0,0,0
9,247,13,4,10,2,6,0,4,12,0,1,12,0,0,0
10,247,28,15,14,3,11,13,10,26,0,0,27,0,1,0
11,247,52,30,19,2,31,18,16,49,4,1,51,0,0,0
12,247,30,14,17,0,16,15,3,28,0,3,29,0,2,0
13,247,55,28,26,7,35,13,14,53,0,4,48,6,0,0
14,247,14,6,6,1,9,3,3,14,0,0,14,0,0,0
17,247,14,6,8,3,9,4,8,16,0,0,11,5,0,0
24,247,8,4,4,0,1,7,1,6,0,0,6,0,0,0
25,247,137,70,69,27,85,25,51,121,0,11,135,6,0,0
26,247,28,15,16,1,16,11,11,23,2,4,28,0,0,0
27,247,21,13,9,3,10,12,3,19,0,3,20,0,0,0
0,248,6,1,6,3,2,0,2,5,0,0,4,0,0,0
2,248,1,1,0,0,1,0,0,1,0,0,1,0,0,0
4,248,32,19,10,6,25,6,14,31,0,4,32,0,0,0
5,248,21,11,12,4,10,7,8,21,0,0,21,0,0,0
8,248,13,4,9,0,6,7,5,11,0,0,11,0,0,0
9,248,27,17,11,0,20,8,8,25,0,0,25,0,3,0
10,248,49,26,25,5,25,19,12,44,2,3,39,0,8,0
15,248,1,3,0,0,3,0,3,3,0,0,3,0,0,0
19,248,6,0,6,0,2,2,2,3,0,0,3,0,0,0
20,248,49,29,20,0,30,16,16,45,0,4,44,4,0,0
24,248,37,23,13,5,22,6,12,36,0,3,37,0,0,0
25,248,30,14,12,4,17,9,8,28,0,4,29,0,0,0
26,248,34,20,11,2,15,15,8,30,1,2,32,0,3,0
27,248,11,6,7,0,5,8,5,9,0,0,11,0,0,0
30,248,2,4,0,0,0,4,0,4,0,0,4,0,0,0
31,248,9,4,3,0,7,3,4,9,0,1,6,0,0,0
0,249,1,2,0,0,0,2,0,2,0,0,2,0,0,0
2,249,1,0,0,0,0,0,0,0,0,0,0,0,0,0
3,249,72,45,28,10,51,13,20,63,1,7,63,5,3,0
5,249,4,2,4,0,2,0,0,4,0,0,4,0,0,0
7,249,28,18,13,5,19,4,8,28,0,0,27,0,0,0
8,249,12,4,9,1,10,0,5,12,0,0,12,0,0,0
9,249,7,4,4,2,5,2,4,6,0,0,8,0,0,0
15,249,14,8,7,6,4,4,3,14,0,0,14,0,0,0
16,249,59,36,25,0,35,25,24,58,0,0,60,1,0,0
18,249,31,13,17,2,22,8,10,32,0,0,32,0,0,0
19,249,77,39,38,12,48,20,19,72,0,6,75,0,0,0
20,249,132,59,70,20,72,43,40,122,3,6,130,0,1,0
24,249,20,10,9,0,11,10,3,18,0,0,20,0,0,0
25,249,3,0,0,0,3,0,1,3,0,0,1,0,0,0
26,249,18,8,9,0,4,14,3,17,0,1,19,0,0,0
27,249,9,4,4,0,7,1,1,5,1,4,9,0,0,0
29,249,8,3,4,0,5,6,2,6,0,1,8,0,0,0
1,250,37,20,16,5,28,4,16,33,1,0,38,0,0,0
3,250,95,52,40,26,59,10,34,89,0,3,92,0,1,0
4,250,6,1,4,0,5,0,1,7,0,0,7,0,0,0
5,250,2,0,1,0,3,0,0,3,0,0,3,0,0,0
6,250,11,4,5,1,8,2,2,11,0,0,11,0,0,0
7,250,13,5,7,0,11,2,5,15,0,0,15,0,0,0
8,250,13,11,7,0,4,8,5,14,0,0,14,0,0,0
11,250,2,1,0,0,0,1,0,3,0,0,3,0,0,0
14,250,1,1,0,0,0,1,0,1,0,0,1,0,0,0
15,250,6,4,4,0,2,2,0,6,0,0,6,0,0,0
16,250,6,1,4,0,0,5,0,5,0,0,7,0,0,0
20,250,14,8,8,0,7,6,7,11,0,2,15,0,0,0
22,250,35,20,14,1,20,14,8,32,0,2,35,0,0,0
1,251,10,4,7,0,9,2,3,9,0,0,9,0,0,0
2,251,41,17,23,11,22,9,15,42,0,0,37,0,0,0
3,251,49,28,24,3,28,19,10,49,0,4,47,0,0,0
8,251,1,0,2,0,0,2,0,2,0,0,2,0,0,0
9,251,11,5,6,0,9,2,7,9,1,0,13,0,0,0
11,251,3,3,0,0,0,3,0,0,0,0,0,0,0,0
13,251,4,2,1,0,2,0,1,2,0,0,2,0,0,0
22,251,24,10,14,3,13,10,8,22,0,2,26,0,0,0
24,251,20,9,12,0,16,5,10,16,0,1,20,0,0,0
0,252,97,51,46,21,56,18,43,95,0,2,99,0,0,0
1,252,95,54,41,12,61,24,34,90,2,1,92,3,0,0
2,252,12,6,7,1,9,4,3,10,0,0,10,0,0,0
3,252,76,39,40,10,49,14,21,74,0,0,75,0,0,0
9,252,7,6,3,0,1,4,1,7,0,0,7,0,0,0
13,252,13,4,8,0,8,4,1,13,0,0,14,0,0,0
14,252,15,4,11,0,11,4,9,14,0,0,15,0,0,0
16,252,2,1,1,0,0,1,0,1,0,0,1,0,0,0
17,252,20,8,15,0,14,7,4,20,0,0,18,0,0,0
18,252,35,20,16,5,22,7,11,35,0,0,35,0,0,0
19,252,12,4,8,0,7,3,0,7,4,0,13,0,0,0
21,252,31,15,16,7,22,5,17,25,0,3,29,0,0,0
22,252,22,9,10,7,11,8,3,21,0,1,21,0,0,0
23,252,60,31,29,15,32,14,13,54,0,5,61,0,0,0
0,253,15,8,6,6,5,3,6,15,0,0,15,0,0,0
1,253,18,8,9,1,12,1,7,19,0,0,19,0,0,0
2,253,12,5,9,4,7,0,1,12,0,0,9,0,0,0
3,253,58,32,27,4,42,12,14,53,2,2,56,0,0,0
9,253,9,5,4,0,4,6,0,9,0,0,7,0,0,0
12,253,4,2,1,0,5,3,5,2,1,0,5,0,0,0
14,253,45,21,20,4,23,17,9,32,4,8,45,0,0,0
15,253,22,9,15,5,14,4,10,22,0,0,22,0,0,0
16,253,2,0,3,0,0,5,0,5,0,0,5,0,0,0
17,253,34,19,16,0,22,11,11,34,0,0,34,0,0,0
18,253,22,11,12,2,12,7,3,17,0,5,21,0,0,0
19,253,53,23,29,7,22,22,8,46,7,2,55,0,0,0
21,253,31,19,14,0,19,11,13,23,0,10,29,0,5,0
22,253,51,24,27,5,36,10,18,43,0,7,53,0,0,0
0,254,248,121,128,51,158,38,95,239,4,7,246,0,0,0
1,254,75,27,46,13,54,10,30,73,0,1,75,2,0,0
2,254,53,26,29,6,38,9,25,49,1,0,51,4,0,0
5,254,24,14,11,2,9,13,6,23,0,1,22,0,4,0
6,254,5,5,0,0,2,3,1,8,0,0,8,0,0,0
7,254,27,15,12,1,17,7,8,28,0,0,25,0,0,0
8,254,23,14,9,4,13,9,9,24,0,0,22,0,0,0
9,254,42,20,25,4,25,14,12,43,0,0,42,0,2,0
11,254,6,2,5,4,3,3,5,5,0,0,6,0,0,0
12,254,3,0,0,0,0,0,5,1,0,0,1,0,0,0
13,254,41,21,22,5,31,9,14,40,3,3,41,0,0,0
16,254,12,6,6,2,7,5,0,9,0,3,10,0,0,0
19,254,5,5,3,1,4,0,0,3,0,0,6,0,0,0
20,254,20,10,11,1,11,8,5,14,0,4,20,0,0,0
21,254,84,39,46,9,43,35,12,68,0,15,79,0,2,0
22,254,9,2,4,5,3,4,3,8,0,0,8,0,0,0
0,255,1063,534,531,176,708,184,414,1024,7,28,1045,8,2,0
1,255,794,396,397,118,565,109,332,764,9,22,771,4,14,0
2,255,34,20,14,5,22,5,13,30,0,4,34,0,1,0
5,255,9,5,3,0,10,4,1,7,0,1,10,0,0,0
6,255,90,49,42,15,61,16,42,87,0,3,89,0,1,0
7,255,1,0,0,0,0,0,0,0,0,0,0,0,0,0
10,255,11,4,5,0,5,7,3,11,0,0,11,0,0,0
12,255,18,6,9,3,7,6,4,17,0,0,17,0,0,0
13,255,3,1,0,0,3,0,0,3,0,0,3,0,0,0
20,255,2,0,4,0,0,4,0,0,0,0,0,0,0,0
